id,coverage,latency,timestamp
1,0.5748357076505617,77.98710873172004,2023-01-01 00:00:00
2,0.5430867849414408,68.49267365825537,2023-01-01 00:00:01
3,0.5823844269050347,51.19260739840348,2023-01-01 00:00:02
4,0.6261514928204013,37.061264445888526,2023-01-01 00:00:03
5,0.5382923312638332,63.9644662722718,2023-01-01 00:00:04
6,0.538293152152541,57.869707708434994,2023-01-01 00:00:05
7,0.6289606407753696,67.90386440055465,2023-01-01 00:00:06
8,0.5883717364576455,62.70343603363939,2023-01-01 00:00:07
9,0.5265262807032525,70.9910543063867,2023-01-01 00:00:08
10,0.5771280021792983,39.29529576878864,2023-01-01 00:00:09
11,0.5268291153593769,76.34788131268651,2023-01-01 00:00:10
12,0.5267135123214872,53.95199209384799,2023-01-01 00:00:11
13,0.5620981135783018,91.5052174525053,2023-01-01 00:00:12
14,0.45433598776711015,36.21624363820864,2023-01-01 00:00:13
15,0.4637541083743484,84.71927606330499,2023-01-01 00:00:14
16,0.5218856235379514,53.95821566925296,2023-01-01 00:00:15
17,0.49935844398327883,36.97163992771103,2023-01-01 00:00:16
18,0.5657123666297638,40.32228331891357,2023-01-01 00:00:17
19,0.5045987962239395,43.5930538361136,2023-01-01 00:00:18
20,0.4793848149332355,58.48331892803833,2023-01-01 00:00:19
21,0.6232824384460778,60.45670976070999,2023-01-01 00:00:20
22,0.5387111849756733,38.52599992122842,2023-01-01 00:00:21
23,0.5533764102343962,49.51290815478034,2023-01-01 00:00:22
24,0.4787625906893272,92.84540717223727,2023-01-01 00:00:23
25,0.5227808637737409,84.55086340201423,2023-01-01 00:00:24
26,0.5555461294854933,58.726473393480646,2023-01-01 00:00:25
27,0.49245032112888487,50.760069563364006,2023-01-01 00:00:26
28,0.5687849009172836,52.40062653436522,2023-01-01 00:00:27
29,0.5199680655040598,62.27035945460833,2023-01-01 00:00:28
30,0.5354153125103362,29.54414869603189,2023-01-01 00:00:29
31,0.5199146693885301,44.852469251533094,2023-01-01 00:00:30
32,0.6426139092254469,16.62831852244821,2023-01-01 00:00:31
33,0.5493251387631033,57.98446245210559,2023-01-01 00:00:32
34,0.497114453552205,62.943918794054824,2023-01-01 00:00:33
35,0.5911272456051595,40.33627075401252,2023-01-01 00:00:34
36,0.48895781750144895,81.47973526580066,2023-01-01 00:00:35
37,0.5604431797502378,25.484686739953176,2023-01-01 00:00:36
38,0.4520164938060113,20.712502395803597,2023-01-01 00:00:37
39,0.4835906975550785,54.48903637119944,2023-01-01 00:00:38
40,0.5598430617934562,70.94196605224309,2023-01-01 00:00:39
41,0.5869233289997706,83.67855382915738,2023-01-01 00:00:40
42,0.5585684140594985,40.8223147426212,2023-01-01 00:00:41
43,0.544217585880588,71.57361666862592,2023-01-01 00:00:42
44,0.5349448152205356,49.229830609985854,2023-01-01 00:00:43
45,0.4760739004816287,46.54745400118361,2023-01-01 00:00:44
46,0.5140077895802646,67.67319874973344,2023-01-01 00:00:45
47,0.5269680614520107,63.046457568268394,2023-01-01 00:00:46
48,0.6028561113109459,18.47215686031501,2023-01-01 00:00:47
49,0.5671809144784231,79.53080699451792,2023-01-01 00:00:48
50,0.46184799223186335,77.60182708294903,2023-01-01 00:00:49
51,0.5662041984697398,37.488745969809415,2023-01-01 00:00:50
52,0.5307458859791843,57.91607066874818,2023-01-01 00:00:51
53,0.5161538999847021,59.88060372565478,2023-01-01 00:00:52
54,0.5805838144420434,55.21347531647814,2023-01-01 00:00:53
55,0.6015499761247975,38.9938969230916,2023-01-01 00:00:54
56,0.5965640059558099,36.56753264123897,2023-01-01 00:00:55
57,0.5080391238388681,49.488918580171095,2023-01-01 00:00:56
58,0.5345393812074393,73.45458038518728,2023-01-01 00:00:57
59,0.5665631715701782,60.872003091888644,2023-01-01 00:00:58
60,0.598777256356118,42.58771335827788,2023-01-01 00:00:59
61,0.5260412881077355,65.43397421296689,2023-01-01 00:01:00
62,0.5407170511668092,10.0,2023-01-01 00:01:01
63,0.49468325129969865,72.97531400744207,2023-01-01 00:01:02
64,0.4901896687959665,15.20572442443801,2023-01-01 00:01:03
65,0.59062629111971,42.751181171937354,2023-01-01 00:01:04
66,0.6178120014285412,27.606602107477123,2023-01-01 00:01:05
67,0.5463994939209833,24.106370485581884,2023-01-01 00:01:06
68,0.6001766448946012,73.21653574757039,2023-01-01 00:01:07
69,0.5680818012523817,40.64597597376218,2023-01-01 00:01:08
70,0.5177440122697439,56.930077634614314,2023-01-01 00:01:09
71,0.5680697802754208,49.06158842241632,2023-01-01 00:01:10
72,0.6269018283232985,59.54081654446243,2023-01-01 00:01:11
73,0.5482086980445025,51.536437821205105,2023-01-01 00:01:12
74,0.6282321827907004,24.340155516228606,2023-01-01 00:01:13
75,0.4190127447955128,69.9253363889428,2023-01-01 00:01:14
76,0.5910951252187613,40.12486833677375,2023-01-01 00:01:15
77,0.5543523534119086,18.86836202680498,2023-01-01 00:01:16
78,0.5350496324767067,41.43769678068175,2023-01-01 00:01:17
79,0.5545880388267752,80.01519581268622,2023-01-01 00:01:18
80,0.4506215542699554,67.00443484226986,2023-01-01 00:01:19
81,0.5390164056081245,43.026957311842814,2023-01-01 00:01:20
82,0.5678556285755874,43.014845913631426,2023-01-01 00:01:21
83,0.6238947022370759,43.56729897565235,2023-01-01 00:01:22
84,0.5240864890863177,91.53495967121682,2023-01-01 00:01:23
85,0.5095753198553407,57.63870904463107,2023-01-01 00:01:24
86,0.5249121478207732,58.600832943821395,2023-01-01 00:01:25
87,0.5957701058851037,70.60566908063684,2023-01-01 00:01:26
88,0.5664375554829842,54.77578318053027,2023-01-01 00:01:27
89,0.5235119898116481,44.819157083585935,2023-01-01 00:01:28
90,0.5756633716556678,46.07300301830043,2023-01-01 00:01:29
91,0.5548538774674021,48.56797481171872,2023-01-01 00:01:30
92,0.5984322495266445,49.25555526980317,2023-01-01 00:01:31
93,0.5148973453061324,64.5525908727396,2023-01-01 00:01:32
94,0.5336168926701116,51.03891771614599,2023-01-01 00:01:33
95,0.5303945923433921,64.65280154431159,2023-01-01 00:01:34
96,0.4768242525933941,48.385668397828354,2023-01-01 00:01:35
97,0.5648060138532288,51.57270380632181,2023-01-01 00:01:36
98,0.5630527636089945,10.035986309357845,2023-01-01 00:01:37
99,0.5502556728321231,68.32655349404963,2023-01-01 00:01:38
100,0.5382706433312427,56.929769517959855,2023-01-01 00:01:39
101,0.4792314628974793,69.96020219719304,2023-01-01 00:01:40
102,0.5289677338617321,10.0,2023-01-01 00:01:41
103,0.5328642741736616,91.76749409561455,2023-01-01 00:01:42
104,0.5098861365389191,47.20820743689652,2023-01-01 00:01:43
105,0.5419357144166996,72.16365633475033,2023-01-01 00:01:44
106,0.5702025428407269,29.20188145748938,2023-01-01 00:01:45
107,0.6443092950605266,62.25547810125139,2023-01-01 00:01:46
108,0.558728890641592,28.931688736526876,2023-01-01 00:01:47
109,0.5628775195361383,37.5246207860839,2023-01-01 00:01:48
110,0.5462777042116916,88.28062707733572,2023-01-01 00:01:49
111,0.45406143923504794,46.186351984733065,2023-01-01 00:01:50
112,0.5486743062275392,54.348657463594456,2023-01-01 00:01:51
113,0.5530115104970513,67.40135461377508,2023-01-01 00:01:52
114,0.6731621056242644,59.913637759452094,2023-01-01 00:01:53
115,0.540381951760944,53.00837810287153,2023-01-01 00:01:54
116,0.5650773671166807,57.29922004932451,2023-01-01 00:01:55
117,0.5482644115147379,98.0683117047655,2023-01-01 00:01:56
118,0.4915660981190234,48.84762405932829,2023-01-01 00:01:57
119,0.6071411407257511,54.02198093429935,2023-01-01 00:01:58
120,0.5875966516343387,71.01308792015224,2023-01-01 00:01:59
121,0.5895515973521523,72.11051865915968,2023-01-01 00:02:00
122,0.5045306272602631,73.7406061112076,2023-01-01 00:02:01
123,0.620139715546805,62.774604440583694,2023-01-01 00:02:02
124,0.479907446860386,27.13990174539033,2023-01-01 00:02:03
125,0.5793428546900136,82.66863064602191,2023-01-01 00:02:04
126,0.659522781290499,27.07309213962624,2023-01-01 00:02:05
127,0.5004731837434656,56.05270930478066,2023-01-01 00:02:06
128,0.5216851135198615,34.914482999612844,2023-01-01 00:02:07
129,0.5549825682543821,48.717233068140146,2023-01-01 00:02:08
130,0.5248262172941901,56.57524820606961,2023-01-01 00:02:09
131,0.4724668284466934,56.42714430900546,2023-01-01 00:02:10
132,0.5534281487403014,58.438415084705696,2023-01-01 00:02:11
133,0.4968848143136948,82.27422538117294,2023-01-01 00:02:12
134,0.5736796215317591,59.070686030279596,2023-01-01 00:02:13
135,0.5040287882883099,45.116867294187024,2023-01-01 00:02:14
136,0.627496720250877,69.28174336576714,2023-01-01 00:02:15
137,0.5108373353831882,73.78940977849281,2023-01-01 00:02:16
138,0.5338969241897162,25.44784369726015,2023-01-01 00:02:17
139,0.5906758608684836,61.94800139699716,2023-01-01 00:02:18
140,0.4884567841783023,64.02345484621796,2023-01-01 00:02:19
141,0.5613729967302065,44.048729932800164,2023-01-01 00:02:20
142,0.6153571377141215,77.51413626623238,2023-01-01 00:02:21
143,0.46962583827193866,46.998888259349464,2023-01-01 00:02:22
144,0.5592316929266152,52.51152906943084,2023-01-01 00:02:23
145,0.5629941397124212,46.53856351432261,2023-01-01 00:02:24
146,0.5890911435888656,50.31158095162935,2023-01-01 00:02:25
147,0.48815246445609595,28.074498262095965,2023-01-01 00:02:26
148,0.4839771693457862,21.198982348114114,2023-01-01 00:02:27
149,0.5760970782808449,81.89010126449944,2023-01-01 00:02:28
150,0.5648492336616594,33.060773033633446,2023-01-01 00:02:29
151,0.5625246425172938,30.172153010873856,2023-01-01 00:02:30
152,0.5673224104748489,10.0,2023-01-01 00:02:31
153,0.5159987639210755,37.220765046209955,2023-01-01 00:02:32
154,0.5616126848580503,23.538204131850033,2023-01-01 00:02:33
155,0.5646536236649341,82.84030320272738,2023-01-01 00:02:34
156,0.5142824290986816,70.19634178685268,2023-01-01 00:02:35
157,0.6432887255572379,36.236993096445524,2023-01-01 00:02:36
158,0.5736916460455894,95.04871610688618,2023-01-01 00:02:37
159,0.4904348251398676,69.63530973983188,2023-01-01 00:02:38
160,0.5828276804316915,43.50337232982755,2023-01-01 00:02:39
161,0.501265916488634,10.0,2023-01-01 00:02:40
162,0.5893542301871226,95.81885145181484,2023-01-01 00:02:41
163,0.6079297789503703,22.20855066472808,2023-01-01 00:02:42
164,0.5089658840824145,17.092025060862163,2023-01-01 00:02:43
165,0.5981688064622162,70.45140864019281,2023-01-01 00:02:44
166,0.5706390463468249,98.79504812678546,2023-01-01 00:02:45
167,0.5911030079997246,77.68545637021036,2023-01-01 00:02:46
168,0.6448396491326974,61.27818240104719,2023-01-01 00:02:47
169,0.5377305941998565,61.89508683330572,2023-01-01 00:02:48
170,0.5123131917821255,67.06831117560615,2023-01-01 00:02:49
171,0.5055242785187238,65.17857179573531,2023-01-01 00:02:50
172,0.5092094857517281,55.62382847938751,2023-01-01 00:02:51
173,0.5461449145292948,52.084022079037524,2023-01-01 00:02:52
174,0.5670575987408323,48.74813744200955,2023-01-01 00:02:53
175,0.563834539966501,34.92070822266648,2023-01-01 00:02:54
176,0.5913591624518012,44.38649846266452,2023-01-01 00:02:55
177,0.5506500945938954,16.14086371609229,2023-01-01 00:02:56
178,0.6226767038578659,48.033207464105004,2023-01-01 00:02:57
179,0.5367671583381023,30.228177856981652,2023-01-01 00:02:58
180,0.686008458329481,27.92821365568458,2023-01-01 00:02:59
181,0.5812833673882504,53.59788302306957,2023-01-01 00:03:00
182,0.5071421221791859,77.84004572689199,2023-01-01 00:03:01
183,0.49645537509694443,68.36633212004625,2023-01-01 00:03:02
184,0.5741236207621593,18.58998792753646,2023-01-01 00:03:03
185,0.5388268607337074,30.20743726859325,2023-01-01 00:03:04
186,0.5857000247046047,68.81542375976431,2023-01-01 00:03:05
187,0.5736618812286773,30.35025212923381,2023-01-01 00:03:06
188,0.5463585543671564,45.50733700005951,2023-01-01 00:03:07
189,0.5076603140965797,61.00104198049104,2023-01-01 00:03:08
190,0.4742576387657068,30.633110902727296,2023-01-01 00:03:09
191,0.527674252396649,52.107510122919194,2023-01-01 00:03:10
192,0.5928199397161736,23.31949010163591,2023-01-01 00:03:11
193,0.5607046872065102,37.97264712097572,2023-01-01 00:03:12
194,0.48771306106440065,56.39563868285074,2023-01-01 00:03:13
195,0.5586590462925591,18.140125329366615,2023-01-01 00:03:14
196,0.5692658689864419,58.80949475920798,2023-01-01 00:03:15
197,0.5058071281899434,49.60724402146638,2023-01-01 00:03:16
198,0.5576862552972764,61.04979908834295,2023-01-01 00:03:17
199,0.5529104359223,54.47828268129323,2023-01-01 00:03:18
200,0.4928514851084689,77.28280859947688,2023-01-01 00:03:19
201,0.5678893680174142,52.50449005295815,2023-01-01 00:03:20
202,0.5780392263184118,41.41188917749494,2023-01-01 00:03:21
203,0.6041525621587639,52.44595006064568,2023-01-01 00:03:22
204,0.6026901026017452,60.86596058072776,2023-01-01 00:03:23
205,0.4811165316021455,50.977201406514084,2023-01-01 00:03:24
206,0.5031087480042439,50.811833824077645,2023-01-01 00:03:25
207,0.575751763360433,35.96016624386489,2023-01-01 00:03:26
208,0.5756892975456105,36.74198164898104,2023-01-01 00:03:27
209,0.5757523843153024,21.94789456400613,2023-01-01 00:03:28
210,0.7426365745327361,84.99153486373879,2023-01-01 00:03:29
211,0.5785445255346584,25.122735292174298,2023-01-01 00:03:30
212,0.60677828200903,36.141896044081854,2023-01-01 00:03:31
213,0.5977000881746601,35.63185468861605,2023-01-01 00:03:32
214,0.5825695625652899,67.89848753888883,2023-01-01 00:03:33
215,0.5342365377679827,44.101006434159444,2023-01-01 00:03:34
216,0.5879484610246635,74.95484145347467,2023-01-01 00:03:35
217,0.5113587392731215,36.530187515122634,2023-01-01 00:03:36
218,0.5381590696629996,55.57988324447604,2023-01-01 00:03:37
219,0.5257318226085449,33.293058934804854,2023-01-01 00:03:38
220,0.5540937069693161,92.90298255546776,2023-01-01 00:03:39
221,0.6657329283336755,26.248031619409744,2023-01-01 00:03:40
222,0.45663674037041263,56.19641420454055,2023-01-01 00:03:41
223,0.5843130095187257,62.67553761864197,2023-01-01 00:03:42
224,0.46936420644051746,58.27598194902997,2023-01-01 00:03:43
225,0.5264034067105283,46.294246822445835,2023-01-01 00:03:44
226,0.6044475298483684,47.403586005331476,2023-01-01 00:03:45
227,0.5532140009547731,50.87622943958219,2023-01-01 00:03:46
228,0.49611276110353475,47.05995996743023,2023-01-01 00:03:47
229,0.5142348145370016,69.27758233589819,2023-01-01 00:03:48
230,0.5839798874467338,94.21046003182703,2023-01-01 00:03:49
231,0.5134816684141432,38.85016429984333,2023-01-01 00:03:50
232,0.5608229294790988,22.603940408418445,2023-01-01 00:03:51
233,0.5522785919951907,48.2343590329749,2023-01-01 00:03:52
234,0.5174199826197092,101.59418675308638,2023-01-01 00:03:53
235,0.6571972044662664,33.926508640605384,2023-01-01 00:03:54
236,0.5816959511159006,82.78233610888135,2023-01-01 00:03:55
237,0.4487428706671197,83.55401628152882,2023-01-01 00:03:56
238,0.5593227157384715,38.92823516584011,2023-01-01 00:03:57
239,0.5169106767615806,61.379661583705506,2023-01-01 00:03:58
240,0.5926216667398112,82.56793246257075,2023-01-01 00:03:59
241,0.510373963078365,42.417445180250255,2023-01-01 00:04:00
242,0.5442631779266551,45.92839279795277,2023-01-01 00:04:01
243,0.5752493639490229,38.366381721027125,2023-01-01 00:04:02
244,0.5932877597085061,29.704865386142664,2023-01-01 00:04:03
245,0.4899851796472112,37.01444909867986,2023-01-01 00:04:04
246,0.5332749382079526,25.52119466475487,2023-01-01 00:04:05
247,0.5262527344419522,50.68166936518452,2023-01-01 00:04:06
248,0.5173335383713145,34.60053537882716,2023-01-01 00:04:07
249,0.6382727120140549,54.675718235814955,2023-01-01 00:04:08
250,0.5702490855480479,18.882087075927455,2023-01-01 00:04:09
251,0.48695580228324775,56.617604644289145,2023-01-01 00:04:10
252,0.5958930973527389,66.6705792321785,2023-01-01 00:04:11
253,0.6561078098506317,10.12528714857089,2023-01-01 00:04:12
254,0.6016232630275574,57.48113139695144,2023-01-01 00:04:13
255,0.47403150170229935,74.55337984946584,2023-01-01 00:04:14
256,0.5257882963566874,25.80717962617589,2023-01-01 00:04:15
257,0.6133455574593312,83.45144773675406,2023-01-01 00:04:16
258,0.514616526719061,58.3803801873209,2023-01-01 00:04:17
259,0.5721909714073115,35.89976288483182,2023-01-01 00:04:18
260,0.5887317026714669,48.88461844684588,2023-01-01 00:04:19
261,0.5036534764210959,61.16653825043445,2023-01-01 00:04:20
262,0.54702373219691,51.52010782824823,2023-01-01 00:04:21
263,0.3879366329965464,60.77511984892738,2023-01-01 00:04:22
264,0.49878061793328554,31.586528138412675,2023-01-01 00:04:23
265,0.537371592430342,53.38721648072156,2023-01-01 00:04:24
266,0.48761084090175755,21.725710061900397,2023-01-01 00:04:25
267,0.6316205651965818,47.775478773025995,2023-01-01 00:04:26
268,0.4784929311019684,31.921847170704204,2023-01-01 00:04:27
269,0.5279977756651508,35.28940114820467,2023-01-01 00:04:28
270,0.5565370288643046,74.72186350420876,2023-01-01 00:04:29
271,0.6220636644533059,71.82620241188538,2023-01-01 00:04:30
272,0.4782068924410281,62.18276241814354,2023-01-01 00:04:31
273,0.608158187607748,28.15374470654842,2023-01-01 00:04:32
274,0.5505116530509794,43.671831006103965,2023-01-01 00:04:33
275,0.5009245674476025,74.26195399958367,2023-01-01 00:04:34
276,0.5731051737131636,52.83433827279809,2023-01-01 00:04:35
277,0.5599529847786735,96.3865907996339,2023-01-01 00:04:36
278,0.5199891561420603,57.86635678788744,2023-01-01 00:04:37
279,0.553490104249501,53.84098232980063,2023-01-01 00:04:38
280,0.530734320156912,43.81767071594997,2023-01-01 00:04:39
281,0.5556758672625625,52.67081809564564,2023-01-01 00:04:40
282,0.5831065337260524,46.950603272389124,2023-01-01 00:04:41
283,0.6293008408072677,64.1621735337718,2023-01-01 00:04:42
284,0.4881092250586576,69.13404633589168,2023-01-01 00:04:43
285,0.6566516687328134,34.28021078984101,2023-01-01 00:04:44
286,0.45239561002387496,23.375340928844437,2023-01-01 00:04:45
287,0.5424107452482209,13.27589253793407,2023-01-01 00:04:46
288,0.5794158603242289,60.159826538250876,2023-01-01 00:04:47
289,0.5640495933867516,27.93266787652253,2023-01-01 00:04:48
290,0.5188650240089704,10.0,2023-01-01 00:04:49
291,0.5395938874821363,57.77157209061928,2023-01-01 00:04:50
292,0.5253499532670584,99.85999034865581,2023-01-01 00:04:51
293,0.5205317621527895,49.878581769202135,2023-01-01 00:04:52
294,0.5924801048510513,66.76981548903284,2023-01-01 00:04:53
295,0.5678507742982524,51.6365871709513,2023-01-01 00:04:54
296,0.5153545202369674,48.02220693617715,2023-01-01 00:04:55
297,0.5949799937716626,68.38152965975537,2023-01-01 00:04:56
298,0.5653649760438305,44.194509116226975,2023-01-01 00:04:57
299,0.590643105941948,55.34784628143806,2023-01-01 00:04:58
300,0.5814814420961807,56.433956123920275,2023-01-01 00:04:59
301,0.5085502494538965,36.63819092713902,2023-01-01 00:05:00
302,0.5219909479901516,69.84084699073045,2023-01-01 00:05:01
303,0.5873646802561632,46.500804866091826,2023-01-01 00:05:02
304,0.5805185132716733,34.885096810143104,2023-01-01 00:05:03
305,0.5489549203017926,60.73019687140807,2023-01-01 00:05:04
306,0.5558663691654392,32.030640364179256,2023-01-01 00:05:05
307,0.6138832447894212,50.563623147382565,2023-01-01 00:05:06
308,0.5204214305582086,49.81762006711593,2023-01-01 00:05:07
309,0.577354869058502,71.71791131663156,2023-01-01 00:05:08
310,0.5398903673783053,59.49396465759906,2023-01-01 00:05:09
311,0.539115939838639,49.499460825097124,2023-01-01 00:05:10
312,0.6049388425993596,66.35532598400574,2023-01-01 00:05:11
313,0.5912708174494016,77.80415098034626,2023-01-01 00:05:12
314,0.5906754818000319,61.156206127037244,2023-01-01 00:05:13
315,0.6152739403577165,50.20705239686761,2023-01-01 00:05:14
316,0.551050192081638,23.763275352996807,2023-01-01 00:05:15
317,0.5840976485647482,28.69772673849255,2023-01-01 00:05:16
318,0.5344866621703273,43.89550591290665,2023-01-01 00:05:17
319,0.5662083176244221,37.809755956814335,2023-01-01 00:05:18
320,0.5434928472816158,46.26057394029108,2023-01-01 00:05:19
321,0.554849798249636,51.13299849794214,2023-01-01 00:05:20
322,0.5797578512718458,60.593855087134614,2023-01-01 00:05:21
323,0.5090889658383264,48.590024438818176,2023-01-01 00:05:22
324,0.6546193637842731,59.730032876524035,2023-01-01 00:05:23
325,0.49969913092501494,51.28948829620241,2023-01-01 00:05:24
326,0.48929056936061344,10.490668672922574,2023-01-01 00:05:25
327,0.6079055436750034,31.213292123624914,2023-01-01 00:05:26
328,0.5895831346981468,47.11824888556769,2023-01-01 00:05:27
329,0.5812059908526078,25.80610514317785,2023-01-01 00:05:28
330,0.5814172754632141,61.99857459992409,2023-01-01 00:05:29
331,0.5493876613576543,80.61501664687395,2023-01-01 00:05:30
332,0.5051372814257085,74.37523703394633,2023-01-01 00:05:31
333,0.5537902279096864,45.731142581395844,2023-01-01 00:05:32
334,0.5161419144243945,79.81452273699904,2023-01-01 00:05:33
335,0.5987559866708876,52.97334914404223,2023-01-01 00:05:34
336,0.5426471309248931,43.25828057763921,2023-01-01 00:05:35
337,0.5087251401603745,37.7319467291812,2023-01-01 00:05:36
338,0.5339307079173504,43.95060627023743,2023-01-01 00:05:37
339,0.5706465727137813,42.236463629175425,2023-01-01 00:05:38
340,0.5218137723598013,53.408324447509756,2023-01-01 00:05:39
341,0.5088889802216785,53.211479620997295,2023-01-01 00:05:40
342,0.5621843605745956,50.06092040306829,2023-01-01 00:05:41
343,0.5622483285554362,58.738763394927,2023-01-01 00:05:42
344,0.5246528412314435,73.81292549572683,2023-01-01 00:05:43
345,0.5264480847190839,68.99108270882647,2023-01-01 00:05:44
346,0.5616024968678819,20.30204063100193,2023-01-01 00:05:45
347,0.4775957829251338,10.0,2023-01-01 00:05:46
348,0.4796268112811723,68.68639822478548,2023-01-01 00:05:47
349,0.5140777889373782,22.662426031691577,2023-01-01 00:05:48
350,0.5393276424144077,45.50469196214633,2023-01-01 00:05:49
351,0.5655453782799003,26.59773947881281,2023-01-01 00:05:50
352,0.6237678108474777,13.960391248399603,2023-01-01 00:05:51
353,0.5928829811601011,60.82925456409576,2023-01-01 00:05:52
354,0.5420030735018286,65.18310320605293,2023-01-01 00:05:53
355,0.5490491896048656,38.46979198546561,2023-01-01 00:05:54
356,0.4998735317681096,10.0,2023-01-01 00:05:55
357,0.5490743432003805,39.075111034950346,2023-01-01 00:05:56
358,0.5355670680539931,57.83608010805093,2023-01-01 00:05:57
359,0.5661359280169045,20.421768624517426,2023-01-01 00:05:58
360,0.5086384528223838,53.667198395583114,2023-01-01 00:05:59
361,0.5759673257120587,49.69380301654009,2023-01-01 00:06:00
362,0.626636945650129,61.58582999202177,2023-01-01 00:06:01
363,0.5445619925771572,52.39160736828306,2023-01-01 00:06:02
364,0.5700855861049471,30.53862118236889,2023-01-01 00:06:03
365,0.5845071995855556,73.93143003328983,2023-01-01 00:06:04
366,0.5299389764057082,46.8294085394606,2023-01-01 00:06:05
367,0.5612046240905209,49.45390920980136,2023-01-01 00:06:06
368,0.5506296200390898,31.33464081853608,2023-01-01 00:06:07
369,0.5548838049274416,41.134354976169796,2023-01-01 00:06:08
370,0.5113495108072267,32.30394571946198,2023-01-01 00:06:09
371,0.5512255087129472,46.54107880153154,2023-01-01 00:06:10
372,0.5748999145622725,84.23416960284686,2023-01-01 00:06:11
373,0.6225571803897522,22.56197714137287,2023-01-01 00:06:12
374,0.5979635413042604,17.72877204246518,2023-01-01 00:06:13
375,0.6576591228755779,79.42340654987217,2023-01-01 00:06:14
376,0.5116326218555975,45.81352645696268,2023-01-01 00:06:15
377,0.593616031836034,36.61854522680167,2023-01-01 00:06:16
378,0.5591671002869176,70.79809374792153,2023-01-01 00:06:17
379,0.6594901466608837,37.88768920526272,2023-01-01 00:06:18
380,0.5095850857322425,86.52019427093873,2023-01-01 00:06:19
381,0.5080139078909612,63.558517426785386,2023-01-01 00:06:20
382,0.520030367727799,40.24177183708595,2023-01-01 00:06:21
383,0.4438052137845097,93.14616426531006,2023-01-01 00:06:22
384,0.523712248915962,37.88570153993323,2023-01-01 00:06:23
385,0.5120433669223151,64.84190744018613,2023-01-01 00:06:24
386,0.5575196893238105,55.985851608129835,2023-01-01 00:06:25
387,0.5670877987888581,76.03482578797596,2023-01-01 00:06:26
388,0.6438085419607944,81.23022393453705,2023-01-01 00:06:27
389,0.5975211919093025,50.64008298131533,2023-01-01 00:06:28
390,0.5211548172168798,34.93164259307633,2023-01-01 00:06:29
391,0.5050792664325822,59.19944285878233,2023-01-01 00:06:30
392,0.5745959585753253,36.44569260495788,2023-01-01 00:06:31
393,0.4839883396489679,90.26774495053246,2023-01-01 00:06:32
394,0.6415729382927178,52.73070662165475,2023-01-01 00:06:33
395,0.6089720060360644,42.69356897375783,2023-01-01 00:06:34
396,0.5265412173947648,53.69360611729817,2023-01-01 00:06:35
397,0.4643432735454562,23.05747420940607,2023-01-01 00:06:36
398,0.6176936187082707,30.56771922978697,2023-01-01 00:06:37
399,0.5442730077373692,74.00827815888852,2023-01-01 00:06:38
400,0.6118908155986731,36.862114420572084,2023-01-01 00:06:39
401,0.4702786170602817,29.061780346361207,2023-01-01 00:06:40
402,0.5200312488523114,60.73305505054572,2023-01-01 00:06:41
403,0.5502621849859092,73.71408309325994,2023-01-01 00:06:42
404,0.5523490296882372,64.37906621330134,2023-01-01 00:06:43
405,0.5274967264260378,69.92095371611633,2023-01-01 00:06:44
406,0.5811424966173749,34.864098228610786,2023-01-01 00:06:45
407,0.49661897853087034,21.563786665163125,2023-01-01 00:06:46
408,0.5428810257489354,80.02667303910974,2023-01-01 00:06:47
409,0.556014781585595,43.546403223157284,2023-01-01 00:06:48
410,0.5757219417029374,44.983339670899056,2023-01-01 00:06:49
411,0.5855807439044445,76.56388283698115,2023-01-01 00:06:50
412,0.49376789540810656,61.1246001880132,2023-01-01 00:06:51
413,0.47329429146321894,59.117755441632156,2023-01-01 00:06:52
414,0.6138838410949254,93.30004689802168,2023-01-01 00:06:53
415,0.5666157005989796,37.12963539239714,2023-01-01 00:06:54
416,0.5125756731721723,68.55680256162475,2023-01-01 00:06:55
417,0.6275575987761262,51.14026249794169,2023-01-01 00:06:56
418,0.555783731714643,55.37184557726514,2023-01-01 00:06:57
419,0.6089648592031913,80.56936852825064,2023-01-01 00:06:58
420,0.5533759240705055,60.15671512579247,2023-01-01 00:06:59
421,0.6530373962440994,60.76592158099266,2023-01-01 00:07:00
422,0.6377670421221603,71.45014674619604,2023-01-01 00:07:01
423,0.5375517925760464,42.70094540914229,2023-01-01 00:07:02
424,0.5985785475477178,33.21580665321987,2023-01-01 00:07:03
425,0.5822687974792574,29.103816119579328,2023-01-01 00:07:04
426,0.6184315778766175,10.672868212479962,2023-01-01 00:07:05
427,0.5017538269709948,91.12414259880644,2023-01-01 00:07:06
428,0.584302572999922,27.93583268556634,2023-01-01 00:07:07
429,0.6029212243424794,45.57492752828456,2023-01-01 00:07:08
430,0.46206302567884433,44.463734002221585,2023-01-01 00:07:09
431,0.4908370743667113,56.148133956182015,2023-01-01 00:07:10
432,0.448038391111995,66.31474425078594,2023-01-01 00:07:11
433,0.5365296582777721,67.2094697671949,2023-01-01 00:07:12
434,0.5858771127897981,38.33845122862123,2023-01-01 00:07:13
435,0.6251178526048015,46.65756572427177,2023-01-01 00:07:14
436,0.5537047390209888,55.651599009765995,2023-01-01 00:07:15
437,0.6314307772785647,45.02617747632906,2023-01-01 00:07:16
438,0.48099492708925545,82.14691152039985,2023-01-01 00:07:17
439,0.4648308780322423,59.81949903276502,2023-01-01 00:07:18
440,0.5472226150551691,64.69755572099635,2023-01-01 00:07:19
441,0.5692032724469654,63.257625373348255,2023-01-01 00:07:20
442,0.5483652625952954,73.4694771497065,2023-01-01 00:07:21
443,0.4466278949980062,53.62043117407414,2023-01-01 00:07:22
444,0.5455439980243606,24.06336104088307,2023-01-01 00:07:23
445,0.4847765249747574,57.99375903505283,2023-01-01 00:07:24
446,0.583483627441502,36.97286212416342,2023-01-01 00:07:25
447,0.5683299123048424,39.42766636500487,2023-01-01 00:07:26
448,0.5030060106836323,61.72728037510186,2023-01-01 00:07:27
449,0.5243066541331654,74.76566142867271,2023-01-01 00:07:28
450,0.49703932390555244,50.425431534721234,2023-01-01 00:07:29
451,0.5468660451363414,56.17666025197928,2023-01-01 00:07:30
452,0.597757116025062,84.04429889270476,2023-01-01 00:07:31
453,0.5007136976832228,54.81506358977136,2023-01-01 00:07:32
454,0.5752023257758923,102.0336622836079,2023-01-01 00:07:33
455,0.523487119081378,61.31019291263088,2023-01-01 00:07:34
456,0.5103563583868829,14.784744816883645,2023-01-01 00:07:35
457,0.5446484820022721,65.06683242209066,2023-01-01 00:07:36
458,0.49823788387903134,57.62316769765555,2023-01-01 00:07:37
459,0.522317534732641,75.79505508165491,2023-01-01 00:07:38
460,0.4901061053705576,63.46362702539917,2023-01-01 00:07:39
461,0.6482362566458195,47.23088032032452,2023-01-01 00:07:40
462,0.5517631775985865,25.514035274212684,2023-01-01 00:07:41
463,0.5150137246003708,45.819534854279496,2023-01-01 00:07:42
464,0.5606989955367111,32.989590915814,2023-01-01 00:07:43
465,0.5443835975154585,38.389531003905546,2023-01-01 00:07:44
466,0.5389515200233389,61.771568088412195,2023-01-01 00:07:45
467,0.5807083350021713,83.39809008702812,2023-01-01 00:07:46
468,0.5878753855023653,57.89343059645962,2023-01-01 00:07:47
469,0.5234749426194737,26.082338759296313,2023-01-01 00:07:48
470,0.521209087967766,58.89205336440281,2023-01-01 00:07:49
471,0.5362474151424178,73.93262973291303,2023-01-01 00:07:50
472,0.4349039417632208,37.804341913612355,2023-01-01 00:07:51
473,0.47424044689007244,47.31965666654165,2023-01-01 00:07:52
474,0.6183437133722263,50.29376389458394,2023-01-01 00:07:53
475,0.6322483856750643,34.3020337383552,2023-01-01 00:07:54
476,0.5375481980221811,62.96560867687718,2023-01-01 00:07:55
477,0.5788278481527883,47.58103702784437,2023-01-01 00:07:56
478,0.5655625077271769,58.39064887814055,2023-01-01 00:07:57
479,0.7039440404227619,32.250156443958,2023-01-01 00:07:58
480,0.6059787455717289,41.25083399353179,2023-01-01 00:07:59
481,0.5436041204259617,64.44762715655543,2023-01-01 00:08:00
482,0.5022229779699787,42.54333695816466,2023-01-01 00:08:01
483,0.4696776839871214,84.53927702466811,2023-01-01 00:08:02
484,0.5601731817933612,42.00727628770795,2023-01-01 00:08:03
485,0.5121824627357848,54.49369451503772,2023-01-01 00:08:04
486,0.47888731452011635,68.65181663746179,2023-01-01 00:08:05
487,0.5176713557878737,21.632685341339368,2023-01-01 00:08:06
488,0.4959225998192803,14.783823760384479,2023-01-01 00:08:07
489,0.6343570817536283,19.486873708598104,2023-01-01 00:08:08
490,0.5940819878474726,75.25168206854364,2023-01-01 00:08:09
491,0.5496013679341691,38.96283708215107,2023-01-01 00:08:10
492,0.6239972069445013,101.16398571336504,2023-01-01 00:08:11
493,0.553868415382381,38.71504802685223,2023-01-01 00:08:12
494,0.5069357899335869,53.69102606394074,2023-01-01 00:08:13
495,0.6261562038634829,80.84219905135751,2023-01-01 00:08:14
496,0.576945502184233,90.12185776318246,2023-01-01 00:08:15
497,0.4981376922836772,91.23007153272795,2023-01-01 00:08:16
498,0.5404830660958196,74.16732461186285,2023-01-01 00:08:17
499,0.5062190873307622,70.48125051622925,2023-01-01 00:08:18
500,0.48086001345178325,61.85053898402366,2023-01-01 00:08:19
501,0.5963088773765821,65.56722152333276,2023-01-01 00:08:20
502,0.6454708320235065,38.97628567342933,2023-01-01 00:08:21
503,0.48007162130904296,33.63602233155386,2023-01-01 00:08:22
504,0.5781484618345286,49.93251085178096,2023-01-01 00:08:23
505,0.5174678715439087,46.59630754950143,2023-01-01 00:08:24
506,0.5256437308117652,40.9354390134545,2023-01-01 00:08:25
507,0.5203803037880566,63.927748949134305,2023-01-01 00:08:26
508,0.5068004615160092,69.10610417141021,2023-01-01 00:08:27
509,0.5524260813972414,51.768137725836944,2023-01-01 00:08:28
510,0.5084524941794482,79.55060162110524,2023-01-01 00:08:29
511,0.563522841288992,27.1662177173299,2023-01-01 00:08:30
512,0.5474880945275432,46.12681081440564,2023-01-01 00:08:31
513,0.5380525976566796,35.6635535879439,2023-01-01 00:08:32
514,0.5046218168979202,12.6692676585388,2023-01-01 00:08:33
515,0.5211614334715834,48.34638628314602,2023-01-01 00:08:34
516,0.5877695612912879,47.56504983233433,2023-01-01 00:08:35
517,0.5750458593812191,80.26899486484263,2023-01-01 00:08:36
518,0.5011222377600725,62.61623369109555,2023-01-01 00:08:37
519,0.5549666152714613,29.5162635134159,2023-01-01 00:08:38
520,0.5875693561685895,87.08185132668376,2023-01-01 00:08:39
521,0.46652973594393143,74.42067391050706,2023-01-01 00:08:40
522,0.5771680096189968,61.64195406937232,2023-01-01 00:08:41
523,0.5168688120527077,45.47031802300336,2023-01-01 00:08:42
524,0.578529933429658,30.811215265530404,2023-01-01 00:08:43
525,0.5118370421728742,42.55586447857894,2023-01-01 00:08:44
526,0.4597558949667741,71.77497239408372,2023-01-01 00:08:45
527,0.4686228781058419,87.69172611869217,2023-01-01 00:08:46
528,0.5524042473330691,80.86487056544378,2023-01-01 00:08:47
529,0.5629861250860742,40.223011564274515,2023-01-01 00:08:48
530,0.5047841687447796,27.607651334219774,2023-01-01 00:08:49
531,0.5819296229388687,52.81772493822408,2023-01-01 00:08:50
532,0.46692399688655206,14.63121268874297,2023-01-01 00:08:51
533,0.5466960100676342,56.46335428369563,2023-01-01 00:08:52
534,0.4894491900118772,47.04794827402662,2023-01-01 00:08:53
535,0.5174081946098921,40.67926996263515,2023-01-01 00:08:54
536,0.5523699335658208,18.10593865466409,2023-01-01 00:08:55
537,0.5069793317358025,60.27200213139433,2023-01-01 00:08:56
538,0.5307722227885088,39.34598320676177,2023-01-01 00:08:57
539,0.600314640460722,26.60166328579424,2023-01-01 00:08:58
540,0.5211554065238426,10.0,2023-01-01 00:08:59
541,0.5917846056032572,49.44970189898727,2023-01-01 00:09:00
542,0.49351465726711913,85.44503193339489,2023-01-01 00:09:01
543,0.5764902088957642,83.2251842909574,2023-01-01 00:09:02
544,0.6220784310328951,40.858074868274564,2023-01-01 00:09:03
545,0.4264177749936356,37.955758792764385,2023-01-01 00:09:04
546,0.5101552372264762,59.375485121500475,2023-01-01 00:09:05
547,0.578853606359027,30.03229121623417,2023-01-01 00:09:06
548,0.5398477306978504,56.03583799638932,2023-01-01 00:09:07
549,0.5685572936685654,65.32160556769381,2023-01-01 00:09:08
550,0.519800740664209,74.53866447768615,2023-01-01 00:09:09
551,0.554329489373645,47.99691847040094,2023-01-01 00:09:10
552,0.542216138230396,45.926524996460685,2023-01-01 00:09:11
553,0.6083891030829904,32.440348264868774,2023-01-01 00:09:12
554,0.5627210421650607,33.4623929192028,2023-01-01 00:09:13
555,0.5668801331037602,45.470422161969466,2023-01-01 00:09:14
556,0.5294061516938767,57.347310136323564,2023-01-01 00:09:15
557,0.5256196887963753,68.27169252466499,2023-01-01 00:09:16
558,0.528372090609019,33.9364209863931,2023-01-01 00:09:17
559,0.5697226071189149,79.85377137919043,2023-01-01 00:09:18
560,0.5289507759589869,44.57752797914863,2023-01-01 00:09:19
561,0.5644887428448206,49.57265411303128,2023-01-01 00:09:20
562,0.653770039932272,35.05576641704353,2023-01-01 00:09:21
563,0.5935562351715846,10.0,2023-01-01 00:09:22
564,0.533698823391608,67.680907927221,2023-01-01 00:09:23
565,0.6100606961081972,64.73687794184866,2023-01-01 00:09:24
566,0.5295962313489224,44.37344885763573,2023-01-01 00:09:25
567,0.44809377324110733,51.33981434449744,2023-01-01 00:09:26
568,0.49959568445412983,60.31878435408199,2023-01-01 00:09:27
569,0.45646040394870724,18.749082862269148,2023-01-01 00:09:28
570,0.5324243257979346,39.418946453074106,2023-01-01 00:09:29
571,0.5509209189594776,65.88529359243654,2023-01-01 00:09:30
572,0.6338218656137642,24.914211536615014,2023-01-01 00:09:31
573,0.5663463686882082,55.871158643332585,2023-01-01 00:09:32
574,0.5390449735595568,22.8683639075319,2023-01-01 00:09:33
575,0.5914702790591745,59.328599648670526,2023-01-01 00:09:34
576,0.43944323454960577,49.28717035405033,2023-01-01 00:09:35
577,0.5617807279054283,17.69736368188981,2023-01-01 00:09:36
578,0.5885432596943484,73.29478708914343,2023-01-01 00:09:37
579,0.47607068771100797,35.308168464039014,2023-01-01 00:09:38
580,0.6071877021603465,33.79495125971238,2023-01-01 00:09:39
581,0.5669248203747208,54.011383944618856,2023-01-01 00:09:40
582,0.52923560430496,72.9727469885743,2023-01-01 00:09:41
583,0.5816390933053143,29.68356362043206,2023-01-01 00:09:42
584,0.6635346428902198,51.233596996959434,2023-01-01 00:09:43
585,0.5590933127529248,58.57633000661146,2023-01-01 00:09:44
586,0.5624110293150169,63.862112145262884,2023-01-01 00:09:45
587,0.5270319550229878,53.528831105544505,2023-01-01 00:09:46
588,0.5075077815267605,42.65944321833355,2023-01-01 00:09:47
589,0.5915167908272123,33.44819558702561,2023-01-01 00:09:48
590,0.5071958087045567,51.722877660927495,2023-01-01 00:09:49
591,0.5535783118609696,28.55721976028786,2023-01-01 00:09:50
592,0.5261171276617442,10.0,2023-01-01 00:09:51
593,0.5739489912873197,58.73119608315336,2023-01-01 00:09:52
594,0.5666831052643475,68.07869682172391,2023-01-01 00:09:53
595,0.601876997212895,10.0,2023-01-01 00:09:54
596,0.5244991800572627,29.80538590580125,2023-01-01 00:09:55
597,0.5365062532353315,62.38308522010396,2023-01-01 00:09:56
598,0.5010618142108847,91.14990939423397,2023-01-01 00:09:57
599,0.5277853369961945,50.415874153508156,2023-01-01 00:09:58
600,0.5688650246522426,35.43994117541731,2023-01-01 00:09:59
601,0.5878494308322676,46.34207117790319,2023-01-01 00:10:00
602,0.5038917337911187,77.4975283829637,2023-01-01 00:10:01
603,0.5934802960052831,37.080716417509294,2023-01-01 00:10:02
604,0.6177818929402475,34.016159866994926,2023-01-01 00:10:03
605,0.5706717451611851,40.34512955635935,2023-01-01 00:10:04
606,0.6438397906279033,30.933427834825753,2023-01-01 00:10:05
607,0.5113105400448213,52.45340631989591,2023-01-01 00:10:06
608,0.48776726483442917,82.49356916939121,2023-01-01 00:10:07
609,0.4610639875547861,56.461585462320585,2023-01-01 00:10:08
610,0.6248022155744593,44.95292995747425,2023-01-01 00:10:09
611,0.5827182828177029,44.163774621689114,2023-01-01 00:10:10
612,0.5472207664544773,18.73618382606686,2023-01-01 00:10:11
613,0.563998431315991,67.66219554294318,2023-01-01 00:10:12
614,0.4937255476350812,48.44325605974396,2023-01-01 00:10:13
615,0.6722875989808413,46.390401728187484,2023-01-01 00:10:14
616,0.5564610590987614,113.86215135689721,2023-01-01 00:10:15
617,0.5554697397302447,55.975058167313726,2023-01-01 00:10:16
618,0.5862883311949346,34.964178998096315,2023-01-01 00:10:17
619,0.5740504615868357,41.47284807588913,2023-01-01 00:10:18
620,0.5611942012139566,72.9689141839351,2023-01-01 00:10:19
621,0.5104762772277345,52.26540821075529,2023-01-01 00:10:20
622,0.5735734178567998,21.234440433652665,2023-01-01 00:10:21
623,0.6441012248237518,68.38457869150407,2023-01-01 00:10:22
624,0.6172710023077489,36.63711828922012,2023-01-01 00:10:23
625,0.6296593313319699,87.4659555243509,2023-01-01 00:10:24
626,0.5244392161784408,71.60096131429297,2023-01-01 00:10:25
627,0.500519758987071,41.053562086824975,2023-01-01 00:10:26
628,0.5437106539950176,75.62032723470226,2023-01-01 00:10:27
629,0.5527862456144348,51.357110210548065,2023-01-01 00:10:28
630,0.6047095759235475,67.05547350244439,2023-01-01 00:10:29
631,0.4653767685142591,59.6946563458895,2023-01-01 00:10:30
632,0.6264775159730307,33.07286690018253,2023-01-01 00:10:31
633,0.5420996050710506,37.12900335365076,2023-01-01 00:10:32
634,0.528655946502629,70.59921635162323,2023-01-01 00:10:33
635,0.49939478123699166,43.304493357869184,2023-01-01 00:10:34
636,0.46725716640671155,41.927030735160066,2023-01-01 00:10:35
637,0.5911585291980958,30.89754841301294,2023-01-01 00:10:36
638,0.5536658983594203,58.47198131186922,2023-01-01 00:10:37
639,0.48550195501294735,91.25049838486291,2023-01-01 00:10:38
640,0.48524606139681925,28.64934171491454,2023-01-01 00:10:39
641,0.5332107650354936,50.48438913345516,2023-01-01 00:10:40
642,0.6334510762644697,78.24441110830858,2023-01-01 00:10:41
643,0.5370204324318198,48.4071721750857,2023-01-01 00:10:42
644,0.47484285234409473,59.04743592499468,2023-01-01 00:10:43
645,0.5377128467957029,28.752129437062408,2023-01-01 00:10:44
646,0.5363638215126165,58.566141944152974,2023-01-01 00:10:45
647,0.41515566785292146,46.257114699909025,2023-01-01 00:10:46
648,0.5472852566741094,69.71459991359725,2023-01-01 00:10:47
649,0.5384532734895662,73.74772103129501,2023-01-01 00:10:48
650,0.584810318240671,101.79127284037227,2023-01-01 00:10:49
651,0.6424478047472673,61.59266346427151,2023-01-01 00:10:50
652,0.6063282514773879,56.51592633164333,2023-01-01 00:10:51
653,0.5365555654722585,53.88768603154672,2023-01-01 00:10:52
654,0.49467370456291654,42.936674143786234,2023-01-01 00:10:53
655,0.678667990162493,56.76967686923382,2023-01-01 00:10:54
656,0.5529609217007244,44.091971797219415,2023-01-01 00:10:55
657,0.5506964645956474,53.36921952539229,2023-01-01 00:10:56
658,0.5487937456444999,76.3519507121592,2023-01-01 00:10:57
659,0.5599042380383928,29.869148694407176,2023-01-01 00:10:58
660,0.5427819794038029,72.7975712225809,2023-01-01 00:10:59
661,0.5213168996559883,76.34230134679731,2023-01-01 00:11:00
662,0.5226570529379805,47.63862946017842,2023-01-01 00:11:01
663,0.5483623364892001,10.0,2023-01-01 00:11:02
664,0.5228287614433118,37.84356025811135,2023-01-01 00:11:03
665,0.5143577108661418,75.93989093122218,2023-01-01 00:11:04
666,0.5553215113845948,49.542638754022356,2023-01-01 00:11:05
667,0.5372511391289573,30.013955354101785,2023-01-01 00:11:06
668,0.6251996494291345,39.90450157543565,2023-01-01 00:11:07
669,0.41745150958034943,66.81240053009105,2023-01-01 00:11:08
670,0.6045753425961231,60.93467136402759,2023-01-01 00:11:09
671,0.6123042596248816,45.22135801660611,2023-01-01 00:11:10
672,0.44633048837959255,42.663511763706246,2023-01-01 00:11:11
673,0.5328656202959826,42.16483701912356,2023-01-01 00:11:12
674,0.5314279567002105,31.55179631002995,2023-01-01 00:11:13
675,0.479624415264109,82.30751378938884,2023-01-01 00:11:14
676,0.5111091656204563,43.5535906157732,2023-01-01 00:11:15
677,0.4944712077267086,74.34317041650993,2023-01-01 00:11:16
678,0.6376135221711812,80.42632103844903,2023-01-01 00:11:17
679,0.5967839196573731,69.9662179629592,2023-01-01 00:11:18
680,0.613577754749708,41.367593745639034,2023-01-01 00:11:19
681,0.5860836032021618,58.07460180673219,2023-01-01 00:11:20
682,0.4935474114391386,49.51608787218168,2023-01-01 00:11:21
683,0.5237739866860114,31.925962785397438,2023-01-01 00:11:22
684,0.5744687280613959,56.48718563443206,2023-01-01 00:11:23
685,0.4888936095554028,26.41920417680395,2023-01-01 00:11:24
686,0.5856499215086195,73.75358776923127,2023-01-01 00:11:25
687,0.5379837300920933,40.70765405403214,2023-01-01 00:11:26
688,0.5312589596225201,54.023193117456785,2023-01-01 00:11:27
689,0.5855479984101746,55.665757430922845,2023-01-01 00:11:28
690,0.572213165574302,44.82190052591845,2023-01-01 00:11:29
691,0.5319516917090461,61.733876029505495,2023-01-01 00:11:30
692,0.6079664901682125,40.501926867549514,2023-01-01 00:11:31
693,0.4959468336200052,67.42594594914488,2023-01-01 00:11:32
694,0.5807967803472133,23.08040639506503,2023-01-01 00:11:33
695,0.5796550628984193,52.52759159092824,2023-01-01 00:11:34
696,0.5345226780343005,88.77857998116569,2023-01-01 00:11:35
697,0.566306651112106,29.993373507888506,2023-01-01 00:11:36
698,0.4874443211807349,36.44510058950297,2023-01-01 00:11:37
699,0.5962013509603451,60.2781569931783,2023-01-01 00:11:38
700,0.5407548931778506,53.591635638791956,2023-01-01 00:11:39
701,0.523863848974048,57.012601985471186,2023-01-01 00:11:40
702,0.6024504612918445,59.78374260295327,2023-01-01 00:11:41
703,0.5147828154728621,62.6944293712354,2023-01-01 00:11:42
704,0.47957693518182204,72.19399683912447,2023-01-01 00:11:43
705,0.47216854132380487,58.19637313857025,2023-01-01 00:11:44
706,0.5803004975672821,45.17484690762915,2023-01-01 00:11:45
707,0.4859785323751859,63.451474024054626,2023-01-01 00:11:46
708,0.6377397090992183,87.9976386979043,2023-01-01 00:11:47
709,0.4459035296058139,47.34732507234853,2023-01-01 00:11:48
710,0.6348228184145019,30.50941390658717,2023-01-01 00:11:49
711,0.560550873360131,72.14161338573945,2023-01-01 00:11:50
712,0.5451643444064804,47.59237672092804,2023-01-01 00:11:51
713,0.5227540456595525,10.0,2023-01-01 00:11:52
714,0.5699568057176035,66.94843354300843,2023-01-01 00:11:53
715,0.5481182648787576,39.29343628092155,2023-01-01 00:11:54
716,0.6051650941008261,48.189334353916784,2023-01-01 00:11:55
717,0.555711382433102,56.63960661138029,2023-01-01 00:11:56
718,0.5575150880730939,53.809993595581325,2023-01-01 00:11:57
719,0.5318193893893073,64.1890363427808,2023-01-01 00:11:58
720,0.5471527188139467,41.29027258860313,2023-01-01 00:11:59
721,0.565390088444603,60.26211596352165,2023-01-01 00:12:00
722,0.46449158036716875,44.80906644832166,2023-01-01 00:12:01
723,0.4825907288947144,64.77620961775006,2023-01-01 00:12:02
724,0.5871632047011358,62.30734968026107,2023-01-01 00:12:03
725,0.5585432719063972,31.291225959108093,2023-01-01 00:12:04
726,0.540800833182366,71.71964232350064,2023-01-01 00:12:05
727,0.5509216966532697,39.28073109771904,2023-01-01 00:12:06
728,0.5673790852680836,66.1611559656229,2023-01-01 00:12:07
729,0.523012015984532,57.345746268026815,2023-01-01 00:12:08
730,0.5110847637298844,86.76367353590246,2023-01-01 00:12:09
731,0.5597922627548841,45.53068035256295,2023-01-01 00:12:10
732,0.5010813611192484,43.01366407763605,2023-01-01 00:12:11
733,0.5704126377857236,49.611607882245345,2023-01-01 00:12:12
734,0.464870819788108,43.93640434331449,2023-01-01 00:12:13
735,0.6014577818662822,65.998838038841,2023-01-01 00:12:14
736,0.5736298741206523,17.673787831268243,2023-01-01 00:12:15
737,0.5628014867156939,28.926351617072918,2023-01-01 00:12:16
738,0.5991345491972757,28.64394156841614,2023-01-01 00:12:17
739,0.6332737222231288,69.00615183947151,2023-01-01 00:12:18
740,0.6007185032509066,84.2122674516385,2023-01-01 00:12:19
741,0.4579562884334178,47.91101562925057,2023-01-01 00:12:20
742,0.48602115166321497,46.623565536199784,2023-01-01 00:12:21
743,0.5187590711152161,51.40104326226363,2023-01-01 00:12:22
744,0.5513045525105418,73.23756605216381,2023-01-01 00:12:23
745,0.5758829510234562,31.452937316188518,2023-01-01 00:12:24
746,0.5137128093423268,54.7673796546957,2023-01-01 00:12:25
747,0.5593383382238539,69.5039525956486,2023-01-01 00:12:26
748,0.5122308533823339,60.0218833987969,2023-01-01 00:12:27
749,0.5194241098504027,53.79163233197487,2023-01-01 00:12:28
750,0.4796669451575889,70.02092185134282,2023-01-01 00:12:29
751,0.5038383376944549,10.0,2023-01-01 00:12:30
752,0.4824157697191834,63.55750639061815,2023-01-01 00:12:31
753,0.5012063373511334,36.918486337451526,2023-01-01 00:12:32
754,0.6026820898303921,13.387342062870864,2023-01-01 00:12:33
755,0.5025300555584029,60.22405199049962,2023-01-01 00:12:34
756,0.6816191032418696,77.47317090325916,2023-01-01 00:12:35
757,0.5746658950440445,47.251029707446165,2023-01-01 00:12:36
758,0.5592418061847437,69.05749094405877,2023-01-01 00:12:37
759,0.5070821109909394,82.24556515977291,2023-01-01 00:12:38
760,0.5850154939704496,76.29828907168095,2023-01-01 00:12:39
761,0.5212181086881114,82.79929058742786,2023-01-01 00:12:40
762,0.5561004907322681,64.84254982143784,2023-01-01 00:12:41
763,0.6780042269134398,51.50867277803186,2023-01-01 00:12:42
764,0.5451970050137676,17.960683762056632,2023-01-01 00:12:43
765,0.6074636663142838,45.078750237401024,2023-01-01 00:12:44
766,0.5148411787437057,33.13506809367617,2023-01-01 00:12:45
767,0.548250575475152,93.41885434995628,2023-01-01 00:12:46
768,0.6385400317817755,46.482283751353265,2023-01-01 00:12:47
769,0.5186516471106116,52.464096135689715,2023-01-01 00:12:48
770,0.6406224278998465,61.02970752080935,2023-01-01 00:12:49
771,0.5853875967727739,50.87204892744907,2023-01-01 00:12:50
772,0.5218766612052866,83.90102080861506,2023-01-01 00:12:51
773,0.5816203869527761,37.54701276531096,2023-01-01 00:12:52
774,0.5986277224813366,53.89214910474485,2023-01-01 00:12:53
775,0.5810904981108599,35.15058828603904,2023-01-01 00:12:54
776,0.47148876400547723,23.599549775585885,2023-01-01 00:12:55
777,0.5136431412087566,37.76461818189429,2023-01-01 00:12:56
778,0.5376240682224248,49.25926405903176,2023-01-01 00:12:57
779,0.5462783285449977,41.4139555096548,2023-01-01 00:12:58
780,0.581033604877534,36.15158040252288,2023-01-01 00:12:59
781,0.5588850500466628,21.873650726563323,2023-01-01 00:13:00
782,0.483232782064495,48.337888547426104,2023-01-01 00:13:01
783,0.5690098925502982,19.905592519379955,2023-01-01 00:13:02
784,0.5805292872641912,65.20111927379205,2023-01-01 00:13:03
785,0.577989522396552,51.64879505869006,2023-01-01 00:13:04
786,0.6040390362777311,20.84897001070139,2023-01-01 00:13:05
787,0.5916961077274453,43.81581845900273,2023-01-01 00:13:06
788,0.5729590039614219,34.95687188818834,2023-01-01 00:13:07
789,0.5464917144270677,56.383490208383606,2023-01-01 00:13:08
790,0.4669519533242005,76.80900892046289,2023-01-01 00:13:09
791,0.5714809109566293,12.496550607085112,2023-01-01 00:13:10
792,0.5603843843581556,52.30052158294834,2023-01-01 00:13:11
793,0.5635789418597688,46.797344088667195,2023-01-01 00:13:12
794,0.48616257120898454,63.42680152900931,2023-01-01 00:13:13
795,0.4959471729795869,54.26393256475378,2023-01-01 00:13:14
796,0.6026576426666452,34.96061336522362,2023-01-01 00:13:15
797,0.5480222423071673,43.618921286667636,2023-01-01 00:13:16
798,0.5840750348686312,34.079482863930224,2023-01-01 00:13:17
799,0.5514159188065231,71.52014277197196,2023-01-01 00:13:18
800,0.5514878069747873,50.42623297343884,2023-01-01 00:13:19
801,0.5969141902987999,88.02381371506016,2023-01-01 00:13:20
802,0.5241977635891314,48.786783723707586,2023-01-01 00:13:21
803,0.5548060388470493,35.831864661790746,2023-01-01 00:13:22
804,0.5268862355647479,19.725712147743458,2023-01-01 00:13:23
805,0.5282751886283843,13.937206474881101,2023-01-01 00:13:24
806,0.5345413938265681,18.317281139890206,2023-01-01 00:13:25
807,0.5611066885816857,55.342533020229666,2023-01-01 00:13:26
808,0.5260625689168261,60.17450046459868,2023-01-01 00:13:27
809,0.6127878062786761,18.376185959357333,2023-01-01 00:13:28
810,0.5052696348890249,67.90076628152231,2023-01-01 00:13:29
811,0.5406564177919321,40.33877896633121,2023-01-01 00:13:30
812,0.5280134470862913,52.93586023971099,2023-01-01 00:13:31
813,0.6223488942176867,82.24441256510849,2023-01-01 00:13:32
814,0.5598277388255788,67.93678631731063,2023-01-01 00:13:33
815,0.6015922269734317,44.629387041883355,2023-01-01 00:13:34
816,0.47572198134815147,32.17615549169425,2023-01-01 00:13:35
817,0.563352513293463,10.0,2023-01-01 00:13:36
818,0.5944815397811719,35.616933615151595,2023-01-01 00:13:37
819,0.5541141994637713,45.77739522344611,2023-01-01 00:13:38
820,0.6032740187532676,30.25640945697632,2023-01-01 00:13:39
821,0.5241355774949814,47.37486065815391,2023-01-01 00:13:40
822,0.620467372009279,51.53703765917536,2023-01-01 00:13:41
823,0.6649449061809626,45.50288036383843,2023-01-01 00:13:42
824,0.531858071978017,36.99994838353081,2023-01-01 00:13:43
825,0.5277248739299615,53.37309343933455,2023-01-01 00:13:44
826,0.6226692238558851,58.83881299138818,2023-01-01 00:13:45
827,0.6289786072865357,28.192018451143078,2023-01-01 00:13:46
828,0.5238569986423366,78.2186475949254,2023-01-01 00:13:47
829,0.5289906591452072,48.02823735431477,2023-01-01 00:13:48
830,0.5359107695569747,50.37699245889695,2023-01-01 00:13:49
831,0.48277747444828617,64.16428846513114,2023-01-01 00:13:50
832,0.5040674026757901,54.66432262527003,2023-01-01 00:13:51
833,0.4997929616623966,69.0627326782649,2023-01-01 00:13:52
834,0.5116101217447936,55.74248330403648,2023-01-01 00:13:53
835,0.5482657556306609,37.75125250719124,2023-01-01 00:13:54
836,0.5617107366268261,57.23007050412203,2023-01-01 00:13:55
837,0.6275250246407039,27.125475853586764,2023-01-01 00:13:56
838,0.5000822979630605,52.17119411553046,2023-01-01 00:13:57
839,0.5992161199238293,49.335400187110785,2023-01-01 00:13:58
840,0.5393005577887245,45.83766285454921,2023-01-01 00:13:59
841,0.5475268145173784,47.429249771221386,2023-01-01 00:14:00
842,0.5837409746083302,12.363019090047217,2023-01-01 00:14:01
843,0.4938638989218851,39.02550184518077,2023-01-01 00:14:02
844,0.5691204873092026,51.85689802282229,2023-01-01 00:14:03
845,0.5583226104106529,53.19712783994801,2023-01-01 00:14:04
846,0.5746225632004075,29.446497181480837,2023-01-01 00:14:05
847,0.5644584321953909,75.31415681729402,2023-01-01 00:14:06
848,0.6727650069955448,32.676503035709985,2023-01-01 00:14:07
849,0.5181130007874343,69.38914401053474,2023-01-01 00:14:08
850,0.5234501522499092,58.543887237433694,2023-01-01 00:14:09
851,0.5188429736787619,37.075453803123935,2023-01-01 00:14:10
852,0.5222261440419873,85.50621785219025,2023-01-01 00:14:11
853,0.5181306436346742,26.127263364870398,2023-01-01 00:14:12
854,0.6094508265553776,68.38308347220003,2023-01-01 00:14:13
855,0.6210252123994928,70.01164636085957,2023-01-01 00:14:14
856,0.5214626853125263,36.5875958184671,2023-01-01 00:14:15
857,0.5083822213447886,77.84930600128658,2023-01-01 00:14:16
858,0.5735707778193202,44.99906970802095,2023-01-01 00:14:17
859,0.5223888477859515,55.77387258559714,2023-01-01 00:14:18
860,0.5816465908877756,55.206436775424415,2023-01-01 00:14:19
861,0.560146151042565,47.31382517058904,2023-01-01 00:14:20
862,0.47421279425013846,66.21616546319564,2023-01-01 00:14:21
863,0.6273752600665031,65.86977441104426,2023-01-01 00:14:22
864,0.6397938836547761,15.029360535236385,2023-01-01 00:14:23
865,0.5193605654757807,76.08680485756305,2023-01-01 00:14:24
866,0.5306149220032008,16.750160239286515,2023-01-01 00:14:25
867,0.5642932695362453,70.65092408683314,2023-01-01 00:14:26
868,0.5667228394993513,72.53410273655166,2023-01-01 00:14:27
869,0.5829272136336415,28.180671395696034,2023-01-01 00:14:28
870,0.6505102269383175,41.7837142409083,2023-01-01 00:14:29
871,0.5411526386252976,27.885906630281283,2023-01-01 00:14:30
872,0.5100851377730774,45.70157939422529,2023-01-01 00:14:31
873,0.4810340385992737,43.839314316285176,2023-01-01 00:14:32
874,0.5134534980029041,65.59321064538679,2023-01-01 00:14:33
875,0.5483436513563101,76.20617492239217,2023-01-01 00:14:34
876,0.6397278931758894,77.91367621579911,2023-01-01 00:14:35
877,0.5241194350481915,38.75663946843396,2023-01-01 00:14:36
878,0.561189397581945,45.81556252510944,2023-01-01 00:14:37
879,0.5491788551963624,16.331236155580996,2023-01-01 00:14:38
880,0.6094196636724043,33.88259867007622,2023-01-01 00:14:39
881,0.6763466212936812,69.29703266194915,2023-01-01 00:14:40
882,0.523456561353984,82.31165647096464,2023-01-01 00:14:41
883,0.5255280278740889,25.31302256240156,2023-01-01 00:14:42
884,0.6022080438534536,38.15071481694211,2023-01-01 00:14:43
885,0.5840945744813156,49.47188486082146,2023-01-01 00:14:44
886,0.6423353662868018,55.603223176392135,2023-01-01 00:14:45
887,0.5791964092662982,33.80792960156708,2023-01-01 00:14:46
888,0.532035395460647,58.48122088928179,2023-01-01 00:14:47
889,0.5795327415346155,40.523213058581675,2023-01-01 00:14:48
890,0.6054351790291455,49.71095458243442,2023-01-01 00:14:49
891,0.5910241090598682,60.925684960073994,2023-01-01 00:14:50
892,0.575363701555365,50.12844539621876,2023-01-01 00:14:51
893,0.6033337344794577,41.272282189468626,2023-01-01 00:14:52
894,0.6084647795222837,47.807803921483384,2023-01-01 00:14:53
895,0.6191079495518764,48.232740815893294,2023-01-01 00:14:54
896,0.5824354943794822,42.59977940235745,2023-01-01 00:14:55
897,0.5416440959841573,44.82407874665795,2023-01-01 00:14:56
898,0.5573356843216661,81.97294341009433,2023-01-01 00:14:57
899,0.6103254483254179,61.218388958824775,2023-01-01 00:14:58
900,0.5091532164506383,44.090393639416796,2023-01-01 00:14:59
901,0.5684336654436452,63.93908809021471,2023-01-01 00:15:00
902,0.530333059383632,43.3236102048798,2023-01-01 00:15:01
903,0.5514372411467409,73.46249275173282,2023-01-01 00:15:02
904,0.613922593130365,57.39284384396188,2023-01-01 00:15:03
905,0.5595549534009953,47.85395711991542,2023-01-01 00:15:04
906,0.5523218274078074,58.95433851620555,2023-01-01 00:15:05
907,0.4820071929510041,18.582476958630014,2023-01-01 00:15:06
908,0.5873126783013611,27.464650621803894,2023-01-01 00:15:07
909,0.5822742090570538,26.12149987201889,2023-01-01 00:15:08
910,0.6581627361652731,52.85886189527413,2023-01-01 00:15:09
911,0.53461108825235,84.65029998970184,2023-01-01 00:15:10
912,0.560957516383197,94.62600292385264,2023-01-01 00:15:11
913,0.5624691841855378,62.76102202881514,2023-01-01 00:15:12
914,0.6288726639881738,60.01688949888914,2023-01-01 00:15:13
915,0.5452352233806524,13.978845316945218,2023-01-01 00:15:14
916,0.563951076288517,39.14652400531956,2023-01-01 00:15:15
917,0.580394825485827,34.24432496183522,2023-01-01 00:15:16
918,0.559330456157818,37.58304803497768,2023-01-01 00:15:17
919,0.5276783192724737,46.63712362830421,2023-01-01 00:15:18
920,0.5597044996449154,40.55818844605746,2023-01-01 00:15:19
921,0.6036815874929886,10.414003792484245,2023-01-01 00:15:20
922,0.498674235029447,64.95820512235068,2023-01-01 00:15:21
923,0.5566484837073439,28.54513948520387,2023-01-01 00:15:22
924,0.5149939592530414,54.78493728222299,2023-01-01 00:15:23
925,0.6097523314462422,91.48165339499947,2023-01-01 00:15:24
926,0.4738406547608113,31.612308168271532,2023-01-01 00:15:25
927,0.5220539076364207,10.0,2023-01-01 00:15:26
928,0.5688605937532261,44.27991556239778,2023-01-01 00:15:27
929,0.628276201461717,72.01919269997143,2023-01-01 00:15:28
930,0.5467124869463507,89.16694908441187,2023-01-01 00:15:29
931,0.5222400236653402,25.409008110951664,2023-01-01 00:15:30
932,0.6440578534720296,59.933984464730436,2023-01-01 00:15:31
933,0.47759930497918784,40.693790864398935,2023-01-01 00:15:32
934,0.4400597021689959,47.88103291391729,2023-01-01 00:15:33
935,0.5720007225026666,102.8868669403407,2023-01-01 00:15:34
936,0.5248972887823695,19.940593432096936,2023-01-01 00:15:35
937,0.4989383591434644,55.07479322989147,2023-01-01 00:15:36
938,0.5854178223649678,59.35386343530867,2023-01-01 00:15:37
939,0.56219003568856,71.71572649878695,2023-01-01 00:15:38
940,0.5217960684631636,51.95966306941791,2023-01-01 00:15:39
941,0.4859847800664553,56.161010790082045,2023-01-01 00:15:40
942,0.5936228664140073,42.16702865156418,2023-01-01 00:15:41
943,0.5825100588979331,55.38253882490215,2023-01-01 00:15:42
944,0.5450412068110309,43.136154490051794,2023-01-01 00:15:43
945,0.6423318498023833,62.43143779712102,2023-01-01 00:15:44
946,0.4964957616836924,42.60779327912732,2023-01-01 00:15:45
947,0.4737237414537631,57.54200787804373,2023-01-01 00:15:46
948,0.5154045965059378,49.414743726300436,2023-01-01 00:15:47
949,0.5477206991822251,72.52100501544336,2023-01-01 00:15:48
950,0.5621669724661347,48.97212552823027,2023-01-01 00:15:49
951,0.5379381971071836,14.53935063586237,2023-01-01 00:15:50
952,0.5676027698257149,75.23843001427983,2023-01-01 00:15:51
953,0.48742302879047783,31.88535398274762,2023-01-01 00:15:52
954,0.622188230203663,36.924673227023604,2023-01-01 00:15:53
955,0.5458924410803716,38.086774119130155,2023-01-01 00:15:54
956,0.6058647915794064,77.48876186341634,2023-01-01 00:15:55
957,0.5671362673188852,10.0,2023-01-01 00:15:56
958,0.5728376609576893,112.75497067319988,2023-01-01 00:15:57
959,0.5784883640116102,71.12113618132103,2023-01-01 00:15:58
960,0.5723854280008658,54.4647782825832,2023-01-01 00:15:59
961,0.5821361379933773,48.902119987674276,2023-01-01 00:16:00
962,0.6164576265066216,55.71108149715314,2023-01-01 00:16:01
963,0.5598260584850736,60.42244856758677,2023-01-01 00:16:02
964,0.5854501878794257,62.90431171900114,2023-01-01 00:16:03
965,0.5455132152856387,61.11208932006897,2023-01-01 00:16:04
966,0.6220058607724737,51.79161362510498,2023-01-01 00:16:05
967,0.5161803848970365,46.053231593853475,2023-01-01 00:16:06
968,0.6400470216455408,46.97453432692976,2023-01-01 00:16:07
969,0.5479921024677828,46.10183439294638,2023-01-01 00:16:08
970,0.47846124489409764,72.67540193734129,2023-01-01 00:16:09
971,0.5564052207455396,61.87113444561724,2023-01-01 00:16:10
972,0.515947417126256,10.0,2023-01-01 00:16:11
973,0.5920321774494363,63.118015530595216,2023-01-01 00:16:12
974,0.5173688010348805,53.894723894375495,2023-01-01 00:16:13
975,0.5276908283392611,49.62582487108205,2023-01-01 00:16:14
976,0.4555229634527235,42.229630938222286,2023-01-01 00:16:15
977,0.5273846840375462,72.48225439972026,2023-01-01 00:16:16
978,0.4288060336685522,68.95052924245715,2023-01-01 00:16:17
979,0.4708048588257139,34.54244664352782,2023-01-01 00:16:18
980,0.5880207328072149,58.141045742490704,2023-01-01 00:16:19
981,0.5892900079325416,30.56686530917428,2023-01-01 00:16:20
982,0.5712728780892483,22.40763670422139,2023-01-01 00:16:21
983,0.5016511928435394,37.4656555082007,2023-01-01 00:16:22
984,0.5476144321929011,67.24786944765518,2023-01-01 00:16:23
985,0.5498198730454716,69.06250090752174,2023-01-01 00:16:24
986,0.4920817655403729,60.26170840194586,2023-01-01 00:16:25
987,0.6251699150883576,64.50191573695994,2023-01-01 00:16:26
988,0.5938681145287836,60.32356574229917,2023-01-01 00:16:27
989,0.5389517913085169,37.17036809554095,2023-01-01 00:16:28
990,0.5513442919497266,58.63845089347881,2023-01-01 00:16:29
991,0.5604191403973777,66.00819050455365,2023-01-01 00:16:30
992,0.4479132565787855,65.08582659627149,2023-01-01 00:16:31
993,0.5376411308739701,73.77826742949286,2023-01-01 00:16:32
994,0.5159007876001102,64.16607694402127,2023-01-01 00:16:33
995,0.49991899950525426,57.028964150831655,2023-01-01 00:16:34
996,0.5359449853557023,71.40300476632855,2023-01-01 00:16:35
997,0.6398843263424762,49.469574815018795,2023-01-01 00:16:36
998,0.5820421430633506,32.36250697544564,2023-01-01 00:16:37
999,0.5214410505108602,46.738660721124724,2023-01-01 00:16:38
1000,0.578629139067808,35.10194710387102,2023-01-01 00:16:39
