query,rank,score,label,bucket
智能手机推荐_1,1,1.0,4,ecommerce
智能手机推荐_1,2,0.8102787950039811,3,ecommerce
智能手机推荐_1,3,0.5328378479084426,2,ecommerce
智能手机推荐_1,4,0.5044878061842291,2,ecommerce
智能手机推荐_1,5,0.4405918360997578,2,ecommerce
智能手机推荐_1,6,0.4151506660391757,2,ecommerce
智能手机推荐_1,7,0.39268910594066553,1,ecommerce
智能手机推荐_1,8,0.29466522035125,0,ecommerce
智能手机推荐_1,9,0.2832447422198703,0,ecommerce
智能手机推荐_1,10,0.25284822840349064,0,ecommerce
智能手机推荐_1,11,0.20938265448866608,0,ecommerce
智能手机推荐_1,12,0.14288966918311177,0,ecommerce
智能手机推荐_1,13,0.09014562486651231,0,ecommerce
智能手机推荐_1,14,0.0023075613640213266,0,ecommerce
智能手机推荐_1,15,0.0,0,ecommerce
个人理财建议_2,1,1.0,4,finance
个人理财建议_2,2,0.8919170306141502,4,finance
个人理财建议_2,3,0.7215316593605576,4,finance
个人理财建议_2,4,0.5976687434018929,2,finance
个人理财建议_2,5,0.5032513772544589,4,finance
个人理财建议_2,6,0.48079899101734785,2,finance
个人理财建议_2,7,0.36893477316427115,2,finance
个人理财建议_2,8,0.31471727245484304,1,finance
个人理财建议_2,9,0.20298333703144697,0,finance
个人理财建议_2,10,0.18039070620535827,0,finance
个人理财建议_2,11,0.15344329395101444,0,finance
个人理财建议_2,12,0.0727576825629844,0,finance
个人理财建议_2,13,0.06712467085011437,0,finance
个人理财建议_2,14,0.0,0,finance
个人理财建议_2,15,0.0,0,finance
厨房电器选购指南_3,1,1.0,4,ecommerce
厨房电器选购指南_3,2,0.9326888055138165,4,ecommerce
厨房电器选购指南_3,3,0.8928679760809008,3,ecommerce
厨房电器选购指南_3,4,0.644639166522551,2,ecommerce
厨房电器选购指南_3,5,0.5158484205244308,3,ecommerce
厨房电器选购指南_3,6,0.4489069210452296,1,ecommerce
厨房电器选购指南_3,7,0.3545342973846405,1,ecommerce
厨房电器选购指南_3,8,0.32545564070798416,2,ecommerce
厨房电器选购指南_3,9,0.27355343310458335,1,ecommerce
厨房电器选购指南_3,10,0.2354866738364044,0,ecommerce
厨房电器选购指南_3,11,0.21628517533958838,0,ecommerce
厨房电器选购指南_3,12,0.0558803892377214,0,ecommerce
厨房电器选购指南_3,13,0.037956673751676634,0,ecommerce
厨房电器选购指南_3,14,0.026898102395548296,0,ecommerce
厨房电器选购指南_3,15,0.011158027661801379,0,ecommerce
如何重置密码_4,1,0.6901557001108474,2,faq
如何重置密码_4,2,0.6791173840706315,2,faq
如何重置密码_4,3,0.58483828566975,2,faq
如何重置密码_4,4,0.5494409042165698,4,faq
如何重置密码_4,5,0.5395526324028985,3,faq
如何重置密码_4,6,0.5314512788011363,2,faq
如何重置密码_4,7,0.5150684414038621,2,faq
如何重置密码_4,8,0.5036067158427981,4,faq
如何重置密码_4,9,0.45983448537696103,0,faq
如何重置密码_4,10,0.3155744736850521,2,faq
如何重置密码_4,11,0.20975536374300105,0,faq
如何重置密码_4,12,0.17520478891657823,0,faq
如何重置密码_4,13,0.0622512051128159,0,faq
如何重置密码_4,14,0.0,0,faq
如何重置密码_4,15,0.0,0,faq
治疗糖尿病的方法_5,1,0.894740188090902,3,medical
治疗糖尿病的方法_5,2,0.7767475761486208,4,medical
治疗糖尿病的方法_5,3,0.7577244731502324,3,medical
治疗糖尿病的方法_5,4,0.6219196280170074,2,medical
治疗糖尿病的方法_5,5,0.5401710062003083,2,medical
治疗糖尿病的方法_5,6,0.4780244426899387,1,medical
治疗糖尿病的方法_5,7,0.4736346398469804,1,medical
治疗糖尿病的方法_5,8,0.44705023526527626,1,medical
治疗糖尿病的方法_5,9,0.36360906630918993,1,medical
治疗糖尿病的方法_5,10,0.15478861034516153,1,medical
治疗糖尿病的方法_5,11,0.13438231903006956,0,medical
治疗糖尿病的方法_5,12,0.10713702588213395,0,medical
治疗糖尿病的方法_5,13,0.04625227085814765,0,medical
治疗糖尿病的方法_5,14,0.009384260421518548,0,medical
治疗糖尿病的方法_5,15,0.0,0,medical
如何重置密码_6,1,0.7200187025125957,3,faq
如何重置密码_6,2,0.575290376752243,2,faq
如何重置密码_6,3,0.5679314663847242,0,faq
如何重置密码_6,4,0.552680453252283,0,faq
如何重置密码_6,5,0.5230949163374247,2,faq
如何重置密码_6,6,0.5027333903555532,2,faq
如何重置密码_6,7,0.4145194902056031,4,faq
如何重置密码_6,8,0.2887820260599576,1,faq
如何重置密码_6,9,0.2696860965269291,1,faq
如何重置密码_6,10,0.2488743719061893,0,faq
如何重置密码_6,11,0.16797790987631211,1,faq
如何重置密码_6,12,0.13670100429158136,0,faq
如何重置密码_6,13,0.04647830891260435,0,faq
如何重置密码_6,14,0.0,0,faq
如何重置密码_6,15,0.0,0,faq
个人理财建议_7,1,0.6175398344554962,2,finance
个人理财建议_7,2,0.5119919773290662,2,finance
个人理财建议_7,3,0.47828923449138494,1,finance
个人理财建议_7,4,0.42355261863776666,2,finance
个人理财建议_7,5,0.38665477040624857,1,finance
个人理财建议_7,6,0.2925425212949305,0,finance
个人理财建议_7,7,0.2121302395533356,1,finance
个人理财建议_7,8,0.18786297949684502,0,finance
个人理财建议_7,9,0.17744690020326914,1,finance
个人理财建议_7,10,0.16200280663867603,0,finance
个人理财建议_7,11,0.12905387042913852,1,finance
个人理财建议_7,12,0.11875272163638256,1,finance
个人理财建议_7,13,0.0009485413465365189,0,finance
个人理财建议_7,14,0.0,0,finance
个人理财建议_7,15,0.0,0,finance
时尚服装搭配_8,1,0.9624677529048561,4,ecommerce
时尚服装搭配_8,2,0.6132235287469981,3,ecommerce
时尚服装搭配_8,3,0.5296745814158702,0,ecommerce
时尚服装搭配_8,4,0.49975301385538573,4,ecommerce
时尚服装搭配_8,5,0.4681555294979878,1,ecommerce
时尚服装搭配_8,6,0.4628011192896262,1,ecommerce
时尚服装搭配_8,7,0.3766007231987801,1,ecommerce
时尚服装搭配_8,8,0.3248476025485,1,ecommerce
时尚服装搭配_8,9,0.3170832477614561,1,ecommerce
时尚服装搭配_8,10,0.21158023955015834,0,ecommerce
时尚服装搭配_8,11,0.1927321941965829,0,ecommerce
时尚服装搭配_8,12,0.18549398732492042,0,ecommerce
时尚服装搭配_8,13,0.12827980023048088,1,ecommerce
时尚服装搭配_8,14,0.07705006900615144,0,ecommerce
时尚服装搭配_8,15,0.0,0,ecommerce
如何重置密码_9,1,0.4531912546834429,0,faq
如何重置密码_9,2,0.44316779579333154,2,faq
如何重置密码_9,3,0.4083008710740915,4,faq
如何重置密码_9,4,0.26632503784054806,1,faq
如何重置密码_9,5,0.244139876748372,1,faq
如何重置密码_9,6,0.23496242153046362,0,faq
如何重置密码_9,7,0.23373562041197218,0,faq
如何重置密码_9,8,0.20254914767042412,0,faq
如何重置密码_9,9,0.19569846375639724,0,faq
如何重置密码_9,10,0.15816948943479328,0,faq
如何重置密码_9,11,0.1089619866411462,1,faq
如何重置密码_9,12,0.02735946902175726,0,faq
如何重置密码_9,13,0.02449185264586254,0,faq
如何重置密码_9,14,0.0,0,faq
如何重置密码_9,15,0.0,0,faq
最新科技新闻_10,1,0.7944393200915345,4,news
最新科技新闻_10,2,0.6283971341887333,2,news
最新科技新闻_10,3,0.6242668001583362,2,news
最新科技新闻_10,4,0.4724203541389136,2,news
最新科技新闻_10,5,0.46543000835324466,2,news
最新科技新闻_10,6,0.4562771485993847,2,news
最新科技新闻_10,7,0.4282600392131992,0,news
最新科技新闻_10,8,0.39878386577543845,2,news
最新科技新闻_10,9,0.338579607680976,3,news
最新科技新闻_10,10,0.3061280978478702,2,news
最新科技新闻_10,11,0.07118960128186466,0,news
最新科技新闻_10,12,0.0,0,news
最新科技新闻_10,13,0.0,0,news
最新科技新闻_10,14,0.0,0,news
最新科技新闻_10,15,0.0,0,news
感冒的症状有哪些_11,1,0.9330052642168958,4,medical
感冒的症状有哪些_11,2,0.6011493063309448,3,medical
感冒的症状有哪些_11,3,0.4478086978710516,0,medical
感冒的症状有哪些_11,4,0.3598708655042936,1,medical
感冒的症状有哪些_11,5,0.34301103274095857,2,medical
感冒的症状有哪些_11,6,0.30948061890773815,1,medical
感冒的症状有哪些_11,7,0.23323131780028214,0,medical
感冒的症状有哪些_11,8,0.20676233727561696,0,medical
感冒的症状有哪些_11,9,0.2053151458654243,0,medical
感冒的症状有哪些_11,10,0.19859282209135273,1,medical
感冒的症状有哪些_11,11,0.17098610678500134,0,medical
感冒的症状有哪些_11,12,0.16355450527540635,0,medical
感冒的症状有哪些_11,13,0.1384605689562326,1,medical
感冒的症状有哪些_11,14,0.0017165935654574194,0,medical
感冒的症状有哪些_11,15,0.0,0,medical
厨房电器选购指南_12,1,0.8211182325298402,3,ecommerce
厨房电器选购指南_12,2,0.7142526617194627,3,ecommerce
厨房电器选购指南_12,3,0.6218387118158024,2,ecommerce
厨房电器选购指南_12,4,0.4735180163708904,2,ecommerce
厨房电器选购指南_12,5,0.45245736635819445,2,ecommerce
厨房电器选购指南_12,6,0.4094606836649587,1,ecommerce
厨房电器选购指南_12,7,0.38188008111569155,1,ecommerce
厨房电器选购指南_12,8,0.37257907166501086,3,ecommerce
厨房电器选购指南_12,9,0.35441047661760317,1,ecommerce
厨房电器选购指南_12,10,0.2831290090989128,0,ecommerce
厨房电器选购指南_12,11,0.2812326403668768,1,ecommerce
厨房电器选购指南_12,12,0.1711786394273212,1,ecommerce
厨房电器选购指南_12,13,0.1255343621766197,1,ecommerce
厨房电器选购指南_12,14,0.09309452471116081,0,ecommerce
厨房电器选购指南_12,15,0.0,0,ecommerce
政治新闻摘要_13,1,0.9110570315469566,4,news
政治新闻摘要_13,2,0.7652898830831665,3,news
政治新闻摘要_13,3,0.7175869078472272,3,news
政治新闻摘要_13,4,0.6689886432439358,2,news
政治新闻摘要_13,5,0.52943637490097,2,news
政治新闻摘要_13,6,0.5110359529536126,0,news
政治新闻摘要_13,7,0.4966474153931083,2,news
政治新闻摘要_13,8,0.4836012321882549,2,news
政治新闻摘要_13,9,0.45518784207751756,2,news
政治新闻摘要_13,10,0.4322297001878698,4,news
政治新闻摘要_13,11,0.2813877082333498,0,news
政治新闻摘要_13,12,0.1466746065627011,1,news
政治新闻摘要_13,13,0.07267176400965236,0,news
政治新闻摘要_13,14,0.0,0,news
政治新闻摘要_13,15,0.0,0,news
高血压患者的饮食建议_14,1,0.8036836451213907,4,medical
高血压患者的饮食建议_14,2,0.7419152341379965,3,medical
高血压患者的饮食建议_14,3,0.5923898752932655,2,medical
高血压患者的饮食建议_14,4,0.5093530306266335,3,medical
高血压患者的饮食建议_14,5,0.39540107598995033,2,medical
高血压患者的饮食建议_14,6,0.383506954022362,1,medical
高血压患者的饮食建议_14,7,0.38172712864018205,1,medical
高血压患者的饮食建议_14,8,0.33526114063323964,1,medical
高血压患者的饮食建议_14,9,0.26946425327838897,0,medical
高血压患者的饮食建议_14,10,0.2023707367136969,0,medical
高血压患者的饮食建议_14,11,0.19758423396255856,0,medical
高血压患者的饮食建议_14,12,0.18973521738985272,1,medical
高血压患者的饮食建议_14,13,0.08554644215989779,0,medical
高血压患者的饮食建议_14,14,0.0,0,medical
高血压患者的饮食建议_14,15,0.0,0,medical
体育赛事结果_15,1,0.8964689326945672,4,news
体育赛事结果_15,2,0.8302528575008271,3,news
体育赛事结果_15,3,0.8189947106337598,4,news
体育赛事结果_15,4,0.8154509352500376,4,news
体育赛事结果_15,5,0.7542057437319024,4,news
体育赛事结果_15,6,0.7455579718409646,3,news
体育赛事结果_15,7,0.6103471149421098,2,news
体育赛事结果_15,8,0.5277273529698826,2,news
体育赛事结果_15,9,0.4477830554337783,1,news
体育赛事结果_15,10,0.3227316495392517,2,news
体育赛事结果_15,11,0.258973172664659,0,news
体育赛事结果_15,12,0.1125632886786847,0,news
体育赛事结果_15,13,0.005047115852108555,0,news
体育赛事结果_15,14,0.0,0,news
体育赛事结果_15,15,0.0,0,news
股票市场分析_16,1,0.9713096366517837,4,finance
股票市场分析_16,2,0.886714122508808,3,finance
股票市场分析_16,3,0.8232787008336444,4,finance
股票市场分析_16,4,0.7646562365036467,4,finance
股票市场分析_16,5,0.5479805621710406,0,finance
股票市场分析_16,6,0.4560956657647984,2,finance
股票市场分析_16,7,0.4517610266475084,1,finance
股票市场分析_16,8,0.4476538000036775,2,finance
股票市场分析_16,9,0.357712254911989,1,finance
股票市场分析_16,10,0.3001075560465658,1,finance
股票市场分析_16,11,0.2207214503553657,1,finance
股票市场分析_16,12,0.10626870335481872,0,finance
股票市场分析_16,13,0.0992396555211413,0,finance
股票市场分析_16,14,0.0819397237191557,0,finance
股票市场分析_16,15,0.0,0,finance
时尚服装搭配_17,1,0.8302041901962118,3,ecommerce
时尚服装搭配_17,2,0.7532227436382525,3,ecommerce
时尚服装搭配_17,3,0.6590409240329135,2,ecommerce
时尚服装搭配_17,4,0.5418847591316779,0,ecommerce
时尚服装搭配_17,5,0.4815048305570419,1,ecommerce
时尚服装搭配_17,6,0.48062276960516825,2,ecommerce
时尚服装搭配_17,7,0.47084021721195923,1,ecommerce
时尚服装搭配_17,8,0.37112528837101255,1,ecommerce
时尚服装搭配_17,9,0.28263717264651445,0,ecommerce
时尚服装搭配_17,10,0.25810704417805896,0,ecommerce
时尚服装搭配_17,11,0.24366789798390429,0,ecommerce
时尚服装搭配_17,12,0.1670358705815392,0,ecommerce
时尚服装搭配_17,13,0.1308791737943972,0,ecommerce
时尚服装搭配_17,14,0.053617269087600644,0,ecommerce
时尚服装搭配_17,15,0.0,0,ecommerce
如何申请退款_18,1,0.6004573273387728,2,faq
如何申请退款_18,2,0.5671798228987359,3,faq
如何申请退款_18,3,0.5280392181168061,2,faq
如何申请退款_18,4,0.4910283468636992,0,faq
如何申请退款_18,5,0.4175769331626732,0,faq
如何申请退款_18,6,0.39792938064493016,2,faq
如何申请退款_18,7,0.38322718741441586,1,faq
如何申请退款_18,8,0.2835849761918857,1,faq
如何申请退款_18,9,0.22594980294719633,1,faq
如何申请退款_18,10,0.20224802976092562,0,faq
如何申请退款_18,11,0.13200794761424725,0,faq
如何申请退款_18,12,0.10677030538232557,1,faq
如何申请退款_18,13,0.07829195123707727,0,faq
如何申请退款_18,14,0.03891522779898607,0,faq
如何申请退款_18,15,0.0,0,faq
时尚服装搭配_19,1,1.0,4,ecommerce
时尚服装搭配_19,2,0.9871302311678221,4,ecommerce
时尚服装搭配_19,3,0.8145515335469159,3,ecommerce
时尚服装搭配_19,4,0.7445615428528823,4,ecommerce
时尚服装搭配_19,5,0.7105006095284336,3,ecommerce
时尚服装搭配_19,6,0.4604171509922803,0,ecommerce
时尚服装搭配_19,7,0.4172999575662408,1,ecommerce
时尚服装搭配_19,8,0.3462457916595453,1,ecommerce
时尚服装搭配_19,9,0.26082194395863434,0,ecommerce
时尚服装搭配_19,10,0.20868525290210002,0,ecommerce
时尚服装搭配_19,11,0.17563581992228164,0,ecommerce
时尚服装搭配_19,12,0.014816011332553947,0,ecommerce
时尚服装搭配_19,13,0.0,0,ecommerce
时尚服装搭配_19,14,0.0,0,ecommerce
时尚服装搭配_19,15,0.0,0,ecommerce
厨房电器选购指南_20,1,0.6043497225735053,2,ecommerce
厨房电器选购指南_20,2,0.5610169433417159,0,ecommerce
厨房电器选购指南_20,3,0.4926014734539612,0,ecommerce
厨房电器选购指南_20,4,0.4395829458636397,2,ecommerce
厨房电器选购指南_20,5,0.4052163368565299,0,ecommerce
厨房电器选购指南_20,6,0.3886922631047085,1,ecommerce
厨房电器选购指南_20,7,0.33250821110693857,1,ecommerce
厨房电器选购指南_20,8,0.3206157031918845,2,ecommerce
厨房电器选购指南_20,9,0.2931396687093751,1,ecommerce
厨房电器选购指南_20,10,0.27219236605112634,1,ecommerce
厨房电器选购指南_20,11,0.26990563338661255,3,ecommerce
厨房电器选购指南_20,12,0.17638358121121656,1,ecommerce
厨房电器选购指南_20,13,0.09789730073742961,0,ecommerce
厨房电器选购指南_20,14,0.0591491381863373,0,ecommerce
厨房电器选购指南_20,15,0.0,0,ecommerce
退货政策是什么_21,1,0.9992783105310574,4,faq
退货政策是什么_21,2,0.7028419737146709,4,faq
退货政策是什么_21,3,0.6654386809102231,2,faq
退货政策是什么_21,4,0.664947278411804,2,faq
退货政策是什么_21,5,0.651314667370533,3,faq
退货政策是什么_21,6,0.6416101779889611,3,faq
退货政策是什么_21,7,0.5025873768856007,0,faq
退货政策是什么_21,8,0.4587909638635449,2,faq
退货政策是什么_21,9,0.43678827783883495,2,faq
退货政策是什么_21,10,0.27319587324887673,0,faq
退货政策是什么_21,11,0.18581960845169257,0,faq
退货政策是什么_21,12,0.1544236212857978,0,faq
退货政策是什么_21,13,0.06319043581626418,0,faq
退货政策是什么_21,14,0.0,0,faq
退货政策是什么_21,15,0.0,0,faq
理财产品推荐_22,1,0.7005010888071325,4,finance
理财产品推荐_22,2,0.6599284814196253,3,finance
理财产品推荐_22,3,0.502269352427279,2,finance
理财产品推荐_22,4,0.48374075430956825,1,finance
理财产品推荐_22,5,0.3886019864505145,2,finance
理财产品推荐_22,6,0.34072547122142305,1,finance
理财产品推荐_22,7,0.32171484157500363,1,finance
理财产品推荐_22,8,0.24430503822945945,0,finance
理财产品推荐_22,9,0.21228348144491802,0,finance
理财产品推荐_22,10,0.1772114556767541,0,finance
理财产品推荐_22,11,0.16565503875052218,1,finance
理财产品推荐_22,12,0.041812857668653114,0,finance
理财产品推荐_22,13,0.03728702803922074,0,finance
理财产品推荐_22,14,0.03477540629797954,0,finance
理财产品推荐_22,15,0.006981642207561881,0,finance
退货政策是什么_23,1,1.0,4,faq
退货政策是什么_23,2,0.687248812442937,2,faq
退货政策是什么_23,3,0.6798031685197601,3,faq
退货政策是什么_23,4,0.6354379949463953,2,faq
退货政策是什么_23,5,0.5716743270500669,2,faq
退货政策是什么_23,6,0.5262147594058886,4,faq
退货政策是什么_23,7,0.3905858163176414,1,faq
退货政策是什么_23,8,0.3236623406155938,1,faq
退货政策是什么_23,9,0.274276557636396,1,faq
退货政策是什么_23,10,0.2539855314163863,1,faq
退货政策是什么_23,11,0.2349240880917832,1,faq
退货政策是什么_23,12,0.18802825114300767,0,faq
退货政策是什么_23,13,0.10725883731798239,1,faq
退货政策是什么_23,14,0.07823018738340634,0,faq
退货政策是什么_23,15,0.0,0,faq
时尚服装搭配_24,1,0.9867927877093605,4,ecommerce
时尚服装搭配_24,2,0.8889994611989449,3,ecommerce
时尚服装搭配_24,3,0.8856368590300839,4,ecommerce
时尚服装搭配_24,4,0.7981779150177672,3,ecommerce
时尚服装搭配_24,5,0.709889626923975,3,ecommerce
时尚服装搭配_24,6,0.6017789542081275,2,ecommerce
时尚服装搭配_24,7,0.5771304869873425,2,ecommerce
时尚服装搭配_24,8,0.4903980396196872,2,ecommerce
时尚服装搭配_24,9,0.4732858057272723,4,ecommerce
时尚服装搭配_24,10,0.30517237627895993,2,ecommerce
时尚服装搭配_24,11,0.0876400691132791,0,ecommerce
时尚服装搭配_24,12,0.05613303219814858,0,ecommerce
时尚服装搭配_24,13,0.0,0,ecommerce
时尚服装搭配_24,14,0.0,0,ecommerce
时尚服装搭配_24,15,0.0,0,ecommerce
如何申请退款_25,1,1.0,4,faq
如何申请退款_25,2,0.8656026939538395,4,faq
如何申请退款_25,3,0.799911372871485,3,faq
如何申请退款_25,4,0.6907305968602218,2,faq
如何申请退款_25,5,0.5532850362830818,0,faq
如何申请退款_25,6,0.5452274387743958,4,faq
如何申请退款_25,7,0.5301411556446525,3,faq
如何申请退款_25,8,0.42824944252303326,4,faq
如何申请退款_25,9,0.4063678630606291,1,faq
如何申请退款_25,10,0.3408198801034644,1,faq
如何申请退款_25,11,0.20539318227746114,0,faq
如何申请退款_25,12,0.19529058380602543,1,faq
如何申请退款_25,13,0.17678052367062894,0,faq
如何申请退款_25,14,0.17373419292373662,0,faq
如何申请退款_25,15,0.1160252287647204,0,faq
体育赛事结果_26,1,0.9259965790472651,4,news
体育赛事结果_26,2,0.8579861427563571,3,news
体育赛事结果_26,3,0.84507841701211,3,news
体育赛事结果_26,4,0.7728595054986893,3,news
体育赛事结果_26,5,0.6095646231330077,2,news
体育赛事结果_26,6,0.5945525818583801,0,news
体育赛事结果_26,7,0.5555062757710781,2,news
体育赛事结果_26,8,0.49836398756958833,1,news
体育赛事结果_26,9,0.4488807698604492,2,news
体育赛事结果_26,10,0.40820537475206287,0,news
体育赛事结果_26,11,0.301137023957007,1,news
体育赛事结果_26,12,0.2496663835317716,0,news
体育赛事结果_26,13,0.1328021655366661,1,news
体育赛事结果_26,14,0.10560872749988989,0,news
体育赛事结果_26,15,0.10110243143289033,1,news
体育赛事结果_27,1,0.9896710117338556,4,news
体育赛事结果_27,2,0.6456734559948377,3,news
体育赛事结果_27,3,0.6399493084383646,2,news
体育赛事结果_27,4,0.5047842881076158,2,news
体育赛事结果_27,5,0.45494067001220384,1,news
体育赛事结果_27,6,0.4344168948794285,0,news
体育赛事结果_27,7,0.40762587695161956,2,news
体育赛事结果_27,8,0.37133750479171035,1,news
体育赛事结果_27,9,0.3471616342604586,2,news
体育赛事结果_27,10,0.21432661774452724,0,news
体育赛事结果_27,11,0.15669269098333588,1,news
体育赛事结果_27,12,0.11948219723340112,0,news
体育赛事结果_27,13,0.11023567283532199,0,news
体育赛事结果_27,14,0.0876153012873658,0,news
体育赛事结果_27,15,0.0,0,news
感冒的症状有哪些_28,1,0.870671520728304,3,medical
感冒的症状有哪些_28,2,0.6121463836361655,2,medical
感冒的症状有哪些_28,3,0.5437396930387963,3,medical
感冒的症状有哪些_28,4,0.43997653997299596,2,medical
感冒的症状有哪些_28,5,0.4326780992936956,0,medical
感冒的症状有哪些_28,6,0.39865336793605166,1,medical
感冒的症状有哪些_28,7,0.33103752411889553,2,medical
感冒的症状有哪些_28,8,0.3070242292925457,1,medical
感冒的症状有哪些_28,9,0.2928502584966721,0,medical
感冒的症状有哪些_28,10,0.2914420405532769,1,medical
感冒的症状有哪些_28,11,0.23782602020768542,1,medical
感冒的症状有哪些_28,12,0.23141084037995943,1,medical
感冒的症状有哪些_28,13,0.22596562215945232,1,medical
感冒的症状有哪些_28,14,0.1147733845626576,0,medical
感冒的症状有哪些_28,15,0.0,0,medical
理财产品推荐_29,1,0.5834340235733391,2,finance
理财产品推荐_29,2,0.4539396962763229,1,finance
理财产品推荐_29,3,0.4467481007151048,1,finance
理财产品推荐_29,4,0.4255500479352394,4,finance
理财产品推荐_29,5,0.4082515870242416,2,finance
理财产品推荐_29,6,0.3691513085588861,2,finance
理财产品推荐_29,7,0.3166032583000465,1,finance
理财产品推荐_29,8,0.29843997968051994,1,finance
理财产品推荐_29,9,0.253955529445788,1,finance
理财产品推荐_29,10,0.23937147763498795,1,finance
理财产品推荐_29,11,0.20069265569456438,0,finance
理财产品推荐_29,12,0.1869630502544302,0,finance
理财产品推荐_29,13,0.17916285504711743,1,finance
理财产品推荐_29,14,0.05497078178110115,0,finance
理财产品推荐_29,15,0.014172661117428473,0,finance
治疗糖尿病的方法_30,1,0.6435025748927995,3,medical
治疗糖尿病的方法_30,2,0.5609709118451766,2,medical
治疗糖尿病的方法_30,3,0.5494092019344009,0,medical
治疗糖尿病的方法_30,4,0.5181775483454425,3,medical
治疗糖尿病的方法_30,5,0.45142687440213736,2,medical
治疗糖尿病的方法_30,6,0.4338935176994427,1,medical
治疗糖尿病的方法_30,7,0.41456031694248346,2,medical
治疗糖尿病的方法_30,8,0.34535970625748547,2,medical
治疗糖尿病的方法_30,9,0.3450796668228533,2,medical
治疗糖尿病的方法_30,10,0.29454179239234823,1,medical
治疗糖尿病的方法_30,11,0.24210088085799145,0,medical
治疗糖尿病的方法_30,12,0.18053263123104932,0,medical
治疗糖尿病的方法_30,13,0.1489421289148694,0,medical
治疗糖尿病的方法_30,14,0.120090587054138,1,medical
治疗糖尿病的方法_30,15,0.003992848498536539,0,medical
个人理财建议_31,1,0.662168602063852,2,finance
个人理财建议_31,2,0.565074918332674,2,finance
个人理财建议_31,3,0.5013791066981994,3,finance
个人理财建议_31,4,0.4866490665387049,2,finance
个人理财建议_31,5,0.2526719884233436,0,finance
个人理财建议_31,6,0.22397221141396514,1,finance
个人理财建议_31,7,0.22128988850678274,0,finance
个人理财建议_31,8,0.14956666918598752,0,finance
个人理财建议_31,9,0.14757669727377962,0,finance
个人理财建议_31,10,0.12453991698115871,0,finance
个人理财建议_31,11,0.06482043027499002,0,finance
个人理财建议_31,12,0.06269745641507085,0,finance
个人理财建议_31,13,0.0466032208583424,0,finance
个人理财建议_31,14,0.04513735331994986,0,finance
个人理财建议_31,15,0.016025226199167353,0,finance
治疗糖尿病的方法_32,1,0.6123367133543973,2,medical
治疗糖尿病的方法_32,2,0.594964739228188,3,medical
治疗糖尿病的方法_32,3,0.5926763746503764,0,medical
治疗糖尿病的方法_32,4,0.5671427796125372,0,medical
治疗糖尿病的方法_32,5,0.5628779557389776,0,medical
治疗糖尿病的方法_32,6,0.44031525059385557,0,medical
治疗糖尿病的方法_32,7,0.36234583881073246,2,medical
治疗糖尿病的方法_32,8,0.3568381484487346,2,medical
治疗糖尿病的方法_32,9,0.3270518750153426,2,medical
治疗糖尿病的方法_32,10,0.30470226895746944,1,medical
治疗糖尿病的方法_32,11,0.2804967697749218,0,medical
治疗糖尿病的方法_32,12,0.23286216505561605,0,medical
治疗糖尿病的方法_32,13,0.19003346439415128,0,medical
治疗糖尿病的方法_32,14,0.13636022506029608,0,medical
治疗糖尿病的方法_32,15,0.0,0,medical
股票市场分析_33,1,0.9939352102505781,4,finance
股票市场分析_33,2,0.7368706910957319,3,finance
股票市场分析_33,3,0.4445058185024526,1,finance
股票市场分析_33,4,0.4252932428525412,2,finance
股票市场分析_33,5,0.4186705954383487,0,finance
股票市场分析_33,6,0.3750185497032632,1,finance
股票市场分析_33,7,0.34639253282275256,1,finance
股票市场分析_33,8,0.3288930279361778,1,finance
股票市场分析_33,9,0.2548905415542783,1,finance
股票市场分析_33,10,0.17843976094632835,1,finance
股票市场分析_33,11,0.13592873403120506,0,finance
股票市场分析_33,12,0.0768364677938004,0,finance
股票市场分析_33,13,0.061495226586021995,0,finance
股票市场分析_33,14,0.013503576854694763,0,finance
股票市场分析_33,15,0.0,0,finance
体育赛事结果_34,1,0.8335467706469117,3,news
体育赛事结果_34,2,0.5698490210132925,2,news
体育赛事结果_34,3,0.5291621078742057,0,news
体育赛事结果_34,4,0.4949600007153081,1,news
体育赛事结果_34,5,0.4497063423166258,1,news
体育赛事结果_34,6,0.39981685308769765,1,news
体育赛事结果_34,7,0.37778810127765927,1,news
体育赛事结果_34,8,0.3127408331325845,2,news
体育赛事结果_34,9,0.28990347123448135,1,news
体育赛事结果_34,10,0.24895697264866548,1,news
体育赛事结果_34,11,0.191746564623168,0,news
体育赛事结果_34,12,0.17381931240172274,0,news
体育赛事结果_34,13,0.13405890413560784,1,news
体育赛事结果_34,14,0.0016391037972472294,0,news
体育赛事结果_34,15,0.0,0,news
智能手机推荐_35,1,0.9803645311412036,4,ecommerce
智能手机推荐_35,2,0.8577080364691267,3,ecommerce
智能手机推荐_35,3,0.7964546344964986,4,ecommerce
智能手机推荐_35,4,0.723728462977006,4,ecommerce
智能手机推荐_35,5,0.5056265751047634,4,ecommerce
智能手机推荐_35,6,0.48767646831083705,2,ecommerce
智能手机推荐_35,7,0.4109879300611833,2,ecommerce
智能手机推荐_35,8,0.31056001937334354,3,ecommerce
智能手机推荐_35,9,0.2036874942428276,0,ecommerce
智能手机推荐_35,10,0.2005011085984178,1,ecommerce
智能手机推荐_35,11,0.16206530336158542,1,ecommerce
智能手机推荐_35,12,0.16134007621411936,0,ecommerce
智能手机推荐_35,13,0.1174101066429035,0,ecommerce
智能手机推荐_35,14,0.09517533286858876,0,ecommerce
智能手机推荐_35,15,0.09006411459248068,0,ecommerce
个人理财建议_36,1,0.8813621978702626,3,finance
个人理财建议_36,2,0.8784783767655758,4,finance
个人理财建议_36,3,0.8221969876717978,3,finance
个人理财建议_36,4,0.6036877865620212,2,finance
个人理财建议_36,5,0.4897393270343978,0,finance
个人理财建议_36,6,0.4779466278062917,2,finance
个人理财建议_36,7,0.4762985470677046,0,finance
个人理财建议_36,8,0.4457798561833212,1,finance
个人理财建议_36,9,0.251596448656475,0,finance
个人理财建议_36,10,0.1953738046064689,1,finance
个人理财建议_36,11,0.1654483010780081,0,finance
个人理财建议_36,12,0.14784169569726102,0,finance
个人理财建议_36,13,0.14773562677238777,0,finance
个人理财建议_36,14,0.12836994089316295,0,finance
个人理财建议_36,15,0.0,0,finance
时尚服装搭配_37,1,0.8995139786876334,4,ecommerce
时尚服装搭配_37,2,0.8634286232193389,4,ecommerce
时尚服装搭配_37,3,0.6492032595962265,2,ecommerce
时尚服装搭配_37,4,0.5730253293763291,2,ecommerce
时尚服装搭配_37,5,0.4667822524282572,0,ecommerce
时尚服装搭配_37,6,0.4482422276940347,2,ecommerce
时尚服装搭配_37,7,0.34424759836707775,2,ecommerce
时尚服装搭配_37,8,0.2846273713476126,0,ecommerce
时尚服装搭配_37,9,0.20436810959056725,0,ecommerce
时尚服装搭配_37,10,0.17500944002304267,0,ecommerce
时尚服装搭配_37,11,0.1510315888868887,0,ecommerce
时尚服装搭配_37,12,0.07714757830987265,0,ecommerce
时尚服装搭配_37,13,0.0021351088225328996,0,ecommerce
时尚服装搭配_37,14,0.0,0,ecommerce
时尚服装搭配_37,15,0.0,0,ecommerce
高血压患者的饮食建议_38,1,1.0,4,medical
高血压患者的饮食建议_38,2,0.6324137262006374,2,medical
高血压患者的饮食建议_38,3,0.6181807119617485,3,medical
高血压患者的饮食建议_38,4,0.5880250076079346,3,medical
高血压患者的饮食建议_38,5,0.5701733087489482,0,medical
高血压患者的饮食建议_38,6,0.442529999089567,0,medical
高血压患者的饮食建议_38,7,0.43097776307153046,0,medical
高血压患者的饮食建议_38,8,0.35739970697065515,2,medical
高血压患者的饮食建议_38,9,0.30340989416648834,2,medical
高血压患者的饮食建议_38,10,0.2733446456277737,0,medical
高血压患者的饮食建议_38,11,0.2615180766685712,3,medical
高血压患者的饮食建议_38,12,0.2072703441019438,0,medical
高血压患者的饮食建议_38,13,0.19185014833846428,0,medical
高血压患者的饮食建议_38,14,0.19124176828892647,1,medical
高血压患者的饮食建议_38,15,0.0,0,medical
如何重置密码_39,1,0.7194236848312003,4,faq
如何重置密码_39,2,0.6207310532619685,2,faq
如何重置密码_39,3,0.5043753533916183,2,faq
如何重置密码_39,4,0.4626383762075096,2,faq
如何重置密码_39,5,0.3948200643902221,1,faq
如何重置密码_39,6,0.35471779628233235,2,faq
如何重置密码_39,7,0.31931395139375507,1,faq
如何重置密码_39,8,0.3140608716791081,3,faq
如何重置密码_39,9,0.2674644222501624,0,faq
如何重置密码_39,10,0.26581296677495825,0,faq
如何重置密码_39,11,0.19414390735059003,0,faq
如何重置密码_39,12,0.16090909589583338,0,faq
如何重置密码_39,13,0.10040175497317091,0,faq
如何重置密码_39,14,0.0,0,faq
如何重置密码_39,15,0.0,0,faq
个人理财建议_40,1,0.8464695710651378,4,finance
个人理财建议_40,2,0.7178054536355823,3,finance
个人理财建议_40,3,0.6943311662479721,2,finance
个人理财建议_40,4,0.6059918927798564,2,finance
个人理财建议_40,5,0.567335832487569,2,finance
个人理财建议_40,6,0.5421213179412261,4,finance
个人理财建议_40,7,0.4003503370397638,2,finance
个人理财建议_40,8,0.3123625895470741,1,finance
个人理财建议_40,9,0.1853628313194381,1,finance
个人理财建议_40,10,0.15993382430116623,0,finance
个人理财建议_40,11,0.14990578759855797,0,finance
个人理财建议_40,12,0.13769756549199336,1,finance
个人理财建议_40,13,0.1242755300165328,1,finance
个人理财建议_40,14,0.010610559450137558,0,finance
个人理财建议_40,15,0.0,0,finance
时尚服装搭配_41,1,0.959128177142217,4,ecommerce
时尚服装搭配_41,2,0.9040680156791152,4,ecommerce
时尚服装搭配_41,3,0.6829318790979482,3,ecommerce
时尚服装搭配_41,4,0.4442206105050157,2,ecommerce
时尚服装搭配_41,5,0.3721096495229345,2,ecommerce
时尚服装搭配_41,6,0.30267095828982576,3,ecommerce
时尚服装搭配_41,7,0.27502020487181467,0,ecommerce
时尚服装搭配_41,8,0.2515637053361077,1,ecommerce
时尚服装搭配_41,9,0.22580946512698596,1,ecommerce
时尚服装搭配_41,10,0.1690628443370481,1,ecommerce
时尚服装搭配_41,11,0.10823040076285803,0,ecommerce
时尚服装搭配_41,12,0.09234965324970301,0,ecommerce
时尚服装搭配_41,13,0.07091671569665317,0,ecommerce
时尚服装搭配_41,14,0.0,0,ecommerce
时尚服装搭配_41,15,0.0,0,ecommerce
个人理财建议_42,1,0.5324240316007848,4,finance
个人理财建议_42,2,0.5102137359491655,0,finance
个人理财建议_42,3,0.4408168775614939,2,finance
个人理财建议_42,4,0.36498355630445983,2,finance
个人理财建议_42,5,0.3215756686677778,1,finance
个人理财建议_42,6,0.29617445461167824,0,finance
个人理财建议_42,7,0.276602646141353,0,finance
个人理财建议_42,8,0.2542931061219742,0,finance
个人理财建议_42,9,0.20390143479672299,0,finance
个人理财建议_42,10,0.17287250100951718,1,finance
个人理财建议_42,11,0.147136658135385,0,finance
个人理财建议_42,12,0.11529293844763494,0,finance
个人理财建议_42,13,0.10842231020093818,1,finance
个人理财建议_42,14,0.0,0,finance
个人理财建议_42,15,0.0,0,finance
最新科技新闻_43,1,0.6321546829840804,3,news
最新科技新闻_43,2,0.5913595016375127,3,news
最新科技新闻_43,3,0.5777871740777925,3,news
最新科技新闻_43,4,0.5684725988593573,2,news
最新科技新闻_43,5,0.4977307514668386,1,news
最新科技新闻_43,6,0.43424514100579803,0,news
最新科技新闻_43,7,0.43051293582490474,1,news
最新科技新闻_43,8,0.4091587467340726,2,news
最新科技新闻_43,9,0.27467770805481895,0,news
最新科技新闻_43,10,0.270439240240536,0,news
最新科技新闻_43,11,0.2012282772890909,0,news
最新科技新闻_43,12,0.13617652992286175,0,news
最新科技新闻_43,13,0.005250202704073101,0,news
最新科技新闻_43,14,0.0,0,news
最新科技新闻_43,15,0.0,0,news
股票市场分析_44,1,1.0,4,finance
股票市场分析_44,2,0.6468303760363366,3,finance
股票市场分析_44,3,0.6004517648275314,2,finance
股票市场分析_44,4,0.5990131467427615,2,finance
股票市场分析_44,5,0.5215585119428391,0,finance
股票市场分析_44,6,0.2960701164227024,1,finance
股票市场分析_44,7,0.27170642363467445,0,finance
股票市场分析_44,8,0.2380343286354558,0,finance
股票市场分析_44,9,0.19088604861468914,0,finance
股票市场分析_44,10,0.1474976027619452,0,finance
股票市场分析_44,11,0.13274039952615332,0,finance
股票市场分析_44,12,0.07094843063728931,0,finance
股票市场分析_44,13,0.03910025454327831,0,finance
股票市场分析_44,14,0.0,0,finance
股票市场分析_44,15,0.0,0,finance
个人理财建议_45,1,1.0,4,finance
个人理财建议_45,2,0.8592821076057362,3,finance
个人理财建议_45,3,0.7864788377381828,4,finance
个人理财建议_45,4,0.6441656148048946,2,finance
个人理财建议_45,5,0.6395317558570512,2,finance
个人理财建议_45,6,0.5327924278595104,2,finance
个人理财建议_45,7,0.4405501739712082,0,finance
个人理财建议_45,8,0.4367256370993127,1,finance
个人理财建议_45,9,0.4153611840380356,1,finance
个人理财建议_45,10,0.22047348799772468,0,finance
个人理财建议_45,11,0.1908021409234971,0,finance
个人理财建议_45,12,0.18917906938517573,0,finance
个人理财建议_45,13,0.13960873791139797,1,finance
个人理财建议_45,14,0.11215874547367044,1,finance
个人理财建议_45,15,0.0,0,finance
股票市场分析_46,1,0.6891190775079676,2,finance
股票市场分析_46,2,0.5592483197932668,2,finance
股票市场分析_46,3,0.43839812900771835,0,finance
股票市场分析_46,4,0.43721929440704477,2,finance
股票市场分析_46,5,0.40982147998940455,1,finance
股票市场分析_46,6,0.3811007865296979,1,finance
股票市场分析_46,7,0.3392096618238585,1,finance
股票市场分析_46,8,0.2502783153069076,0,finance
股票市场分析_46,9,0.2427819474394132,1,finance
股票市场分析_46,10,0.19669741192616302,1,finance
股票市场分析_46,11,0.1580733153032194,0,finance
股票市场分析_46,12,0.12700157515673255,1,finance
股票市场分析_46,13,0.07475289490183173,0,finance
股票市场分析_46,14,0.011292854502099825,0,finance
股票市场分析_46,15,0.0,0,finance
时尚服装搭配_47,1,1.0,4,ecommerce
时尚服装搭配_47,2,0.7848569501633802,3,ecommerce
时尚服装搭配_47,3,0.5501562014847763,2,ecommerce
时尚服装搭配_47,4,0.5330774614953616,3,ecommerce
时尚服装搭配_47,5,0.47126074540315843,2,ecommerce
时尚服装搭配_47,6,0.3693170975290036,1,ecommerce
时尚服装搭配_47,7,0.349000906759829,1,ecommerce
时尚服装搭配_47,8,0.2947780632229343,0,ecommerce
时尚服装搭配_47,9,0.26414515269140726,1,ecommerce
时尚服装搭配_47,10,0.25932797932216106,1,ecommerce
时尚服装搭配_47,11,0.2542582997755478,0,ecommerce
时尚服装搭配_47,12,0.25159059451973365,1,ecommerce
时尚服装搭配_47,13,0.12786398898029958,0,ecommerce
时尚服装搭配_47,14,0.0,0,ecommerce
时尚服装搭配_47,15,0.0,0,ecommerce
如何申请退款_48,1,0.8263873943320255,3,faq
如何申请退款_48,2,0.6631077826258053,2,faq
如何申请退款_48,3,0.625414460263626,2,faq
如何申请退款_48,4,0.5981409212812778,2,faq
如何申请退款_48,5,0.5448067320503307,3,faq
如何申请退款_48,6,0.5176197581779726,3,faq
如何申请退款_48,7,0.46498096196349514,2,faq
如何申请退款_48,8,0.45305545179939455,1,faq
如何申请退款_48,9,0.44744008750671316,2,faq
如何申请退款_48,10,0.3603942309311662,1,faq
如何申请退款_48,11,0.3270403578249242,1,faq
如何申请退款_48,12,0.29186954937989545,3,faq
如何申请退款_48,13,0.24665602031052045,0,faq
如何申请退款_48,14,0.11125403851893315,1,faq
如何申请退款_48,15,0.06879885916712555,0,faq
感冒的症状有哪些_49,1,0.8595777041808126,3,medical
感冒的症状有哪些_49,2,0.8058454048072803,4,medical
感冒的症状有哪些_49,3,0.6370137558635578,2,medical
感冒的症状有哪些_49,4,0.6309776791810252,2,medical
感冒的症状有哪些_49,5,0.6011126607761307,2,medical
感冒的症状有哪些_49,6,0.555058776123587,4,medical
感冒的症状有哪些_49,7,0.4970663414336821,0,medical
感冒的症状有哪些_49,8,0.49596952276843836,1,medical
感冒的症状有哪些_49,9,0.36964764318414123,2,medical
感冒的症状有哪些_49,10,0.3537985975388617,1,medical
感冒的症状有哪些_49,11,0.32470203354220883,2,medical
感冒的症状有哪些_49,12,0.3048636478747234,1,medical
感冒的症状有哪些_49,13,0.21573911742881066,0,medical
感冒的症状有哪些_49,14,0.0,0,medical
感冒的症状有哪些_49,15,0.0,0,medical
股票市场分析_50,1,0.8906358205644602,3,finance
股票市场分析_50,2,0.752461632887489,4,finance
股票市场分析_50,3,0.6117315137176603,2,finance
股票市场分析_50,4,0.5766281432516493,2,finance
股票市场分析_50,5,0.4966929231545497,0,finance
股票市场分析_50,6,0.4838293562091707,4,finance
股票市场分析_50,7,0.4336267576164985,0,finance
股票市场分析_50,8,0.34965355369602114,1,finance
股票市场分析_50,9,0.29570264123905077,0,finance
股票市场分析_50,10,0.2849684599371093,0,finance
股票市场分析_50,11,0.26596055410488867,1,finance
股票市场分析_50,12,0.2569460242743682,0,finance
股票市场分析_50,13,0.21309857236932445,1,finance
股票市场分析_50,14,0.1229470937069328,0,finance
股票市场分析_50,15,0.08918993940906411,0,finance
感冒的症状有哪些_51,1,0.871475926144079,4,medical
感冒的症状有哪些_51,2,0.6141101800578613,2,medical
感冒的症状有哪些_51,3,0.5989416354628648,2,medical
感冒的症状有哪些_51,4,0.5884419404007577,3,medical
感冒的症状有哪些_51,5,0.5445086128342165,4,medical
感冒的症状有哪些_51,6,0.5217091885805485,2,medical
感冒的症状有哪些_51,7,0.5184761535664775,2,medical
感冒的症状有哪些_51,8,0.3920583809476643,2,medical
感冒的症状有哪些_51,9,0.31019375820473494,2,medical
感冒的症状有哪些_51,10,0.2967848373675229,0,medical
感冒的症状有哪些_51,11,0.2528278841957539,1,medical
感冒的症状有哪些_51,12,0.22198778171800013,0,medical
感冒的症状有哪些_51,13,0.1977263504412986,1,medical
感冒的症状有哪些_51,14,0.008198868337157661,0,medical
感冒的症状有哪些_51,15,0.0,0,medical
如何重置密码_52,1,0.8576945021263398,4,faq
如何重置密码_52,2,0.8270284628251086,3,faq
如何重置密码_52,3,0.7982209547460206,4,faq
如何重置密码_52,4,0.711814844036931,3,faq
如何重置密码_52,5,0.675199610091821,2,faq
如何重置密码_52,6,0.6298488192007106,2,faq
如何重置密码_52,7,0.5235649186743969,0,faq
如何重置密码_52,8,0.471514697922885,1,faq
如何重置密码_52,9,0.4475301989336967,0,faq
如何重置密码_52,10,0.434098143389568,0,faq
如何重置密码_52,11,0.4109219256859736,1,faq
如何重置密码_52,12,0.2330306905033562,0,faq
如何重置密码_52,13,0.21215384103386067,0,faq
如何重置密码_52,14,0.15988636599051972,0,faq
如何重置密码_52,15,0.0,0,faq
政治新闻摘要_53,1,0.9057832420516891,4,news
政治新闻摘要_53,2,0.7554921223497962,4,news
政治新闻摘要_53,3,0.5330035077445963,3,news
政治新闻摘要_53,4,0.5118360017416627,0,news
政治新闻摘要_53,5,0.40020131241530976,0,news
政治新闻摘要_53,6,0.3411737206887379,1,news
政治新闻摘要_53,7,0.29169449391623087,1,news
政治新闻摘要_53,8,0.2879782119599469,0,news
政治新闻摘要_53,9,0.253998551546365,1,news
政治新闻摘要_53,10,0.18609625589237128,1,news
政治新闻摘要_53,11,0.15380359037832803,1,news
政治新闻摘要_53,12,0.15226352901276105,1,news
政治新闻摘要_53,13,0.13400927174847058,0,news
政治新闻摘要_53,14,0.006822687122024981,0,news
政治新闻摘要_53,15,0.0,0,news
如何重置密码_54,1,0.8853001080446394,4,faq
如何重置密码_54,2,0.8492750575532104,4,faq
如何重置密码_54,3,0.7437662361860982,3,faq
如何重置密码_54,4,0.49101513073664077,2,faq
如何重置密码_54,5,0.4813366856899082,2,faq
如何重置密码_54,6,0.38079732639156905,1,faq
如何重置密码_54,7,0.3443673149720482,1,faq
如何重置密码_54,8,0.337671620718306,1,faq
如何重置密码_54,9,0.28037476059716915,0,faq
如何重置密码_54,10,0.13462665501709487,1,faq
如何重置密码_54,11,0.07887305446482382,0,faq
如何重置密码_54,12,0.03467475587721136,0,faq
如何重置密码_54,13,0.0,0,faq
如何重置密码_54,14,0.0,0,faq
如何重置密码_54,15,0.0,0,faq
如何申请退款_55,1,0.6978975137587438,2,faq
如何申请退款_55,2,0.5112126729075058,0,faq
如何申请退款_55,3,0.40484026947278406,2,faq
如何申请退款_55,4,0.37267291135419234,1,faq
如何申请退款_55,5,0.2945426074543446,0,faq
如何申请退款_55,6,0.276469478342802,1,faq
如何申请退款_55,7,0.2549165973620557,1,faq
如何申请退款_55,8,0.2167351386518469,1,faq
如何申请退款_55,9,0.18506673447963323,1,faq
如何申请退款_55,10,0.16311666135076747,1,faq
如何申请退款_55,11,0.1336627782273286,1,faq
如何申请退款_55,12,0.015397461975392185,0,faq
如何申请退款_55,13,0.0,0,faq
如何申请退款_55,14,0.0,0,faq
如何申请退款_55,15,0.0,0,faq
政治新闻摘要_56,1,0.8922948433969644,4,news
政治新闻摘要_56,2,0.8705479570392213,4,news
政治新闻摘要_56,3,0.7680401703833575,3,news
政治新闻摘要_56,4,0.5461231800660418,4,news
政治新闻摘要_56,5,0.5077594582350569,0,news
政治新闻摘要_56,6,0.4484916636215355,0,news
政治新闻摘要_56,7,0.36046870724757296,2,news
政治新闻摘要_56,8,0.26956532276359957,1,news
政治新闻摘要_56,9,0.2531536267335054,1,news
政治新闻摘要_56,10,0.23892322949710967,0,news
政治新闻摘要_56,11,0.04086368604225771,0,news
政治新闻摘要_56,12,0.031189825447513225,0,news
政治新闻摘要_56,13,0.0,0,news
政治新闻摘要_56,14,0.0,0,news
政治新闻摘要_56,15,0.0,0,news
理财产品推荐_57,1,0.8144188573901978,4,finance
理财产品推荐_57,2,0.5739595606057732,3,finance
理财产品推荐_57,3,0.4861749721082202,1,finance
理财产品推荐_57,4,0.464254634537699,0,finance
理财产品推荐_57,5,0.40782909195831507,1,finance
理财产品推荐_57,6,0.3658611656824634,1,finance
理财产品推荐_57,7,0.3572705024817597,1,finance
理财产品推荐_57,8,0.3436943082062771,2,finance
理财产品推荐_57,9,0.3363417704055388,2,finance
理财产品推荐_57,10,0.31729540587627236,1,finance
理财产品推荐_57,11,0.2540808553197542,1,finance
理财产品推荐_57,12,0.11189860096466064,1,finance
理财产品推荐_57,13,0.10045057341002112,1,finance
理财产品推荐_57,14,0.09174126729706972,0,finance
理财产品推荐_57,15,0.0,0,finance
如何申请退款_58,1,1.0,4,faq
如何申请退款_58,2,0.5412811146428175,2,faq
如何申请退款_58,3,0.5360483277350397,3,faq
如何申请退款_58,4,0.4312742963804034,1,faq
如何申请退款_58,5,0.4209722349251127,2,faq
如何申请退款_58,6,0.34599614730940914,1,faq
如何申请退款_58,7,0.3326185195986951,1,faq
如何申请退款_58,8,0.32376131923398715,2,faq
如何申请退款_58,9,0.30779797285667204,1,faq
如何申请退款_58,10,0.29093443308967515,0,faq
如何申请退款_58,11,0.17362311292428606,1,faq
如何申请退款_58,12,0.13891807724058033,0,faq
如何申请退款_58,13,0.09043308413201309,0,faq
如何申请退款_58,14,0.0,0,faq
如何申请退款_58,15,0.0,0,faq
治疗糖尿病的方法_59,1,1.0,4,medical
治疗糖尿病的方法_59,2,0.9970498284909526,4,medical
治疗糖尿病的方法_59,3,0.8850415684507602,4,medical
治疗糖尿病的方法_59,4,0.8097479707850971,4,medical
治疗糖尿病的方法_59,5,0.6210448522490813,2,medical
治疗糖尿病的方法_59,6,0.5873791921313907,2,medical
治疗糖尿病的方法_59,7,0.575418916421491,2,medical
治疗糖尿病的方法_59,8,0.4441829426690814,0,medical
治疗糖尿病的方法_59,9,0.2900269959607593,1,medical
治疗糖尿病的方法_59,10,0.2417548817916852,1,medical
治疗糖尿病的方法_59,11,0.21468903682607293,1,medical
治疗糖尿病的方法_59,12,0.10490968587231339,0,medical
治疗糖尿病的方法_59,13,0.07928577362486955,0,medical
治疗糖尿病的方法_59,14,0.06605493372722188,0,medical
治疗糖尿病的方法_59,15,0.011992045408600077,0,medical
理财产品推荐_60,1,0.8987588326005513,3,finance
理财产品推荐_60,2,0.7584189670755814,4,finance
理财产品推荐_60,3,0.7442225780416138,4,finance
理财产品推荐_60,4,0.614737708345342,2,finance
理财产品推荐_60,5,0.6043370102328214,3,finance
理财产品推荐_60,6,0.5507043930146729,0,finance
理财产品推荐_60,7,0.5083580065722864,2,finance
理财产品推荐_60,8,0.48956078283367865,2,finance
理财产品推荐_60,9,0.4716952756071905,0,finance
理财产品推荐_60,10,0.2660609205646558,0,finance
理财产品推荐_60,11,0.2542275773006569,0,finance
理财产品推荐_60,12,0.22252379565381245,0,finance
理财产品推荐_60,13,0.1926187500522543,0,finance
理财产品推荐_60,14,0.0508419630239314,0,finance
理财产品推荐_60,15,0.0,0,finance
最新科技新闻_61,1,0.6944343114238276,3,news
最新科技新闻_61,2,0.6816382567922576,3,news
最新科技新闻_61,3,0.6546177219566367,2,news
最新科技新闻_61,4,0.62297587964749,2,news
最新科技新闻_61,5,0.5912124990157857,0,news
最新科技新闻_61,6,0.42084181695048806,1,news
最新科技新闻_61,7,0.2994665193128375,0,news
最新科技新闻_61,8,0.2786157354266965,1,news
最新科技新闻_61,9,0.27611150704963067,1,news
最新科技新闻_61,10,0.27136081001659873,1,news
最新科技新闻_61,11,0.2685524154110658,0,news
最新科技新闻_61,12,0.26054558756275226,0,news
最新科技新闻_61,13,0.2588667376544672,0,news
最新科技新闻_61,14,0.1981176930180994,1,news
最新科技新闻_61,15,0.1803087360238401,1,news
智能手机推荐_62,1,1.0,4,ecommerce
智能手机推荐_62,2,0.8122346352173744,3,ecommerce
智能手机推荐_62,3,0.7732458574980088,4,ecommerce
智能手机推荐_62,4,0.6232314073461522,2,ecommerce
智能手机推荐_62,5,0.5969762240813693,2,ecommerce
智能手机推荐_62,6,0.5954032248714822,3,ecommerce
智能手机推荐_62,7,0.45099802739651323,1,ecommerce
智能手机推荐_62,8,0.4258747860726039,2,ecommerce
智能手机推荐_62,9,0.4042182053483343,2,ecommerce
智能手机推荐_62,10,0.21325833111215575,1,ecommerce
智能手机推荐_62,11,0.14066870980871882,1,ecommerce
智能手机推荐_62,12,0.09877466544431932,0,ecommerce
智能手机推荐_62,13,0.008686619967482698,0,ecommerce
智能手机推荐_62,14,0.0,0,ecommerce
智能手机推荐_62,15,0.0,0,ecommerce
体育赛事结果_63,1,1.0,4,news
体育赛事结果_63,2,1.0,4,news
体育赛事结果_63,3,1.0,4,news
体育赛事结果_63,4,0.8679556850309212,3,news
体育赛事结果_63,5,0.7309360610244323,4,news
体育赛事结果_63,6,0.7019764291732574,4,news
体育赛事结果_63,7,0.5617438509431233,4,news
体育赛事结果_63,8,0.505760882738318,0,news
体育赛事结果_63,9,0.4989429340331508,0,news
体育赛事结果_63,10,0.4232387584397109,1,news
体育赛事结果_63,11,0.419797161364614,2,news
体育赛事结果_63,12,0.34857938289499396,1,news
体育赛事结果_63,13,0.3092129887227737,2,news
体育赛事结果_63,14,0.01881364227614521,0,news
体育赛事结果_63,15,0.0,0,news
理财产品推荐_64,1,0.656556914760813,3,finance
理财产品推荐_64,2,0.49446641294057236,1,finance
理财产品推荐_64,3,0.446384295569546,1,finance
理财产品推荐_64,4,0.4290964579608648,0,finance
理财产品推荐_64,5,0.4130073190814226,2,finance
理财产品推荐_64,6,0.3578435093430282,2,finance
理财产品推荐_64,7,0.26382691802713765,1,finance
理财产品推荐_64,8,0.16385455913171684,0,finance
理财产品推荐_64,9,0.14748999835293236,0,finance
理财产品推荐_64,10,0.09905357155808009,0,finance
理财产品推荐_64,11,0.044408098030044973,0,finance
理财产品推荐_64,12,0.02784425222975101,0,finance
理财产品推荐_64,13,0.012260877413991261,0,finance
理财产品推荐_64,14,0.0,0,finance
理财产品推荐_64,15,0.0,0,finance
感冒的症状有哪些_65,1,0.827829409906451,3,medical
感冒的症状有哪些_65,2,0.6998185343999432,2,medical
感冒的症状有哪些_65,3,0.6871074077246733,2,medical
感冒的症状有哪些_65,4,0.5142021566794722,2,medical
感冒的症状有哪些_65,5,0.4691420133263739,1,medical
感冒的症状有哪些_65,6,0.29504206921904685,0,medical
感冒的症状有哪些_65,7,0.2883813413637095,0,medical
感冒的症状有哪些_65,8,0.2374412094625157,0,medical
感冒的症状有哪些_65,9,0.1351703333569342,0,medical
感冒的症状有哪些_65,10,0.13090434394194359,0,medical
感冒的症状有哪些_65,11,0.11538183144249017,1,medical
感冒的症状有哪些_65,12,0.1108216505748042,1,medical
感冒的症状有哪些_65,13,0.07237730620852245,0,medical
感冒的症状有哪些_65,14,0.0,0,medical
感冒的症状有哪些_65,15,0.0,0,medical
高血压患者的饮食建议_66,1,0.8532149416290533,4,medical
高血压患者的饮食建议_66,2,0.7444970813454194,4,medical
高血压患者的饮食建议_66,3,0.742609767860715,4,medical
高血压患者的饮食建议_66,4,0.741567533975315,4,medical
高血压患者的饮食建议_66,5,0.6930654097109723,3,medical
高血压患者的饮食建议_66,6,0.5297682088195881,2,medical
高血压患者的饮食建议_66,7,0.4487908073580708,1,medical
高血压患者的饮食建议_66,8,0.3576151433673753,2,medical
高血压患者的饮食建议_66,9,0.29278742987759265,0,medical
高血压患者的饮食建议_66,10,0.24435517018717726,1,medical
高血压患者的饮食建议_66,11,0.23782003604847435,1,medical
高血压患者的饮食建议_66,12,0.21451583926764908,0,medical
高血压患者的饮食建议_66,13,0.1765673512719803,1,medical
高血压患者的饮食建议_66,14,0.09410076124677264,0,medical
高血压患者的饮食建议_66,15,0.03528998346874648,0,medical
感冒的症状有哪些_67,1,0.7780205957307647,4,medical
感冒的症状有哪些_67,2,0.766674201996703,4,medical
感冒的症状有哪些_67,3,0.7346882927723263,4,medical
感冒的症状有哪些_67,4,0.6505462947062289,2,medical
感冒的症状有哪些_67,5,0.501626221519226,2,medical
感冒的症状有哪些_67,6,0.4767814920372689,1,medical
感冒的症状有哪些_67,7,0.37856467630744745,1,medical
感冒的症状有哪些_67,8,0.37490529242870513,2,medical
感冒的症状有哪些_67,9,0.31556538500742265,3,medical
感冒的症状有哪些_67,10,0.2948045104019573,0,medical
感冒的症状有哪些_67,11,0.17610849757126354,1,medical
感冒的症状有哪些_67,12,0.12518704767752228,0,medical
感冒的症状有哪些_67,13,0.03404802655183148,0,medical
感冒的症状有哪些_67,14,0.01731472370358418,0,medical
感冒的症状有哪些_67,15,0.0,0,medical
理财产品推荐_68,1,1.0,4,finance
理财产品推荐_68,2,1.0,4,finance
理财产品推荐_68,3,0.704470247605629,3,finance
理财产品推荐_68,4,0.6606507537471119,2,finance
理财产品推荐_68,5,0.5718988262014107,2,finance
理财产品推荐_68,6,0.55201114946301,3,finance
理财产品推荐_68,7,0.5412022555271067,2,finance
理财产品推荐_68,8,0.5202252595128162,0,finance
理财产品推荐_68,9,0.3041061941276192,3,finance
理财产品推荐_68,10,0.2742858978760015,1,finance
理财产品推荐_68,11,0.263012958980275,1,finance
理财产品推荐_68,12,0.2104642327403737,0,finance
理财产品推荐_68,13,0.07362172545316745,0,finance
理财产品推荐_68,14,0.019179873851816076,0,finance
理财产品推荐_68,15,0.0,0,finance
时尚服装搭配_69,1,0.8340117770600307,4,ecommerce
时尚服装搭配_69,2,0.7877445888280818,4,ecommerce
时尚服装搭配_69,3,0.7370858107079454,4,ecommerce
时尚服装搭配_69,4,0.4958467294781464,2,ecommerce
时尚服装搭配_69,5,0.4745145531288722,1,ecommerce
时尚服装搭配_69,6,0.4606665166123182,1,ecommerce
时尚服装搭配_69,7,0.4018240535070825,2,ecommerce
时尚服装搭配_69,8,0.3908863668258087,1,ecommerce
时尚服装搭配_69,9,0.388956608309342,2,ecommerce
时尚服装搭配_69,10,0.35700981549720867,1,ecommerce
时尚服装搭配_69,11,0.3249507859789742,2,ecommerce
时尚服装搭配_69,12,0.29323756921624755,1,ecommerce
时尚服装搭配_69,13,0.2823872117625137,1,ecommerce
时尚服装搭配_69,14,0.006582666563202638,0,ecommerce
时尚服装搭配_69,15,0.0,0,ecommerce
个人理财建议_70,1,0.6451996680837828,2,finance
个人理财建议_70,2,0.6311816692487247,3,finance
个人理财建议_70,3,0.6216576631979048,3,finance
个人理财建议_70,4,0.5500721945897378,3,finance
个人理财建议_70,5,0.4864783196959047,2,finance
个人理财建议_70,6,0.48191648228517214,0,finance
个人理财建议_70,7,0.32626338142956174,1,finance
个人理财建议_70,8,0.32598961314563024,1,finance
个人理财建议_70,9,0.3004369658900007,1,finance
个人理财建议_70,10,0.2890573013254517,1,finance
个人理财建议_70,11,0.24977333881918243,0,finance
个人理财建议_70,12,0.2324620641206005,1,finance
个人理财建议_70,13,0.16131715694988027,0,finance
个人理财建议_70,14,0.13707062968751613,0,finance
个人理财建议_70,15,0.0,0,finance
政治新闻摘要_71,1,0.630256312740885,3,news
政治新闻摘要_71,2,0.4956692296771947,1,news
政治新闻摘要_71,3,0.4386197359864905,0,news
政治新闻摘要_71,4,0.43070966710013747,2,news
政治新闻摘要_71,5,0.3352525240398391,2,news
政治新闻摘要_71,6,0.32061267628199464,3,news
政治新闻摘要_71,7,0.3079940741731071,2,news
政治新闻摘要_71,8,0.24670329211750708,3,news
政治新闻摘要_71,9,0.22702879492153868,0,news
政治新闻摘要_71,10,0.19204869808813155,0,news
政治新闻摘要_71,11,0.1509270942321402,0,news
政治新闻摘要_71,12,0.14764213463509654,0,news
政治新闻摘要_71,13,0.10863420430048565,1,news
政治新闻摘要_71,14,0.08749705931669421,0,news
政治新闻摘要_71,15,0.08107116765878969,0,news
股票市场分析_72,1,0.7483335535083389,3,finance
股票市场分析_72,2,0.7037435278124606,4,finance
股票市场分析_72,3,0.6012611817677385,2,finance
股票市场分析_72,4,0.5702001699666468,2,finance
股票市场分析_72,5,0.47914599728407686,2,finance
股票市场分析_72,6,0.38891486164685546,2,finance
股票市场分析_72,7,0.3440571820196977,1,finance
股票市场分析_72,8,0.30006126433212466,2,finance
股票市场分析_72,9,0.20782097344942901,1,finance
股票市场分析_72,10,0.2071928453268499,1,finance
股票市场分析_72,11,0.17772340973878878,0,finance
股票市场分析_72,12,0.15799167064704406,1,finance
股票市场分析_72,13,0.14216094895529968,1,finance
股票市场分析_72,14,0.09737512191227826,0,finance
股票市场分析_72,15,0.0,0,finance
最新科技新闻_73,1,0.9189527070987336,4,news
最新科技新闻_73,2,0.6768150932102983,2,news
最新科技新闻_73,3,0.5834101901869039,3,news
最新科技新闻_73,4,0.519466959669263,0,news
最新科技新闻_73,5,0.5179108872326399,3,news
最新科技新闻_73,6,0.4678466714060717,2,news
最新科技新闻_73,7,0.4631931768756037,0,news
最新科技新闻_73,8,0.43271701819214137,4,news
最新科技新闻_73,9,0.4300403040653723,2,news
最新科技新闻_73,10,0.39487216647233403,2,news
最新科技新闻_73,11,0.3343602249074851,1,news
最新科技新闻_73,12,0.2051568708083636,1,news
最新科技新闻_73,13,0.18604214007707734,0,news
最新科技新闻_73,14,0.14938514618147514,1,news
最新科技新闻_73,15,0.12667319399260948,0,news
股票市场分析_74,1,1.0,4,finance
股票市场分析_74,2,0.8766339662844419,4,finance
股票市场分析_74,3,0.8536196336123041,4,finance
股票市场分析_74,4,0.7601729859226276,3,finance
股票市场分析_74,5,0.6932860830837595,2,finance
股票市场分析_74,6,0.4287460943143035,2,finance
股票市场分析_74,7,0.4218538772000889,1,finance
股票市场分析_74,8,0.3773926927280684,1,finance
股票市场分析_74,9,0.3358623078705986,1,finance
股票市场分析_74,10,0.24307608884252424,1,finance
股票市场分析_74,11,0.2397192304078977,0,finance
股票市场分析_74,12,0.2314152246434584,0,finance
股票市场分析_74,13,0.15063129108671391,1,finance
股票市场分析_74,14,0.0,0,finance
股票市场分析_74,15,0.0,0,finance
如何申请退款_75,1,0.8624944031362214,3,faq
如何申请退款_75,2,0.7510913551323006,3,faq
如何申请退款_75,3,0.7462669410904547,3,faq
如何申请退款_75,4,0.7281517337700916,3,faq
如何申请退款_75,5,0.6556164693519373,2,faq
如何申请退款_75,6,0.569664944622407,3,faq
如何申请退款_75,7,0.4838556980672193,1,faq
如何申请退款_75,8,0.3921236701548384,2,faq
如何申请退款_75,9,0.3052691133985157,1,faq
如何申请退款_75,10,0.28792018404770126,0,faq
如何申请退款_75,11,0.2606526062041514,1,faq
如何申请退款_75,12,0.12513174806470104,0,faq
如何申请退款_75,13,0.058274139304862305,0,faq
如何申请退款_75,14,0.0,0,faq
如何申请退款_75,15,0.0,0,faq
高血压患者的饮食建议_76,1,0.8511812325300061,4,medical
高血压患者的饮食建议_76,2,0.8236420490733777,4,medical
高血压患者的饮食建议_76,3,0.7880620750409175,3,medical
高血压患者的饮食建议_76,4,0.7835550807556163,4,medical
高血压患者的饮食建议_76,5,0.6167630460254132,2,medical
高血压患者的饮食建议_76,6,0.5985499077345661,2,medical
高血压患者的饮食建议_76,7,0.5662021570705207,2,medical
高血压患者的饮食建议_76,8,0.49930772075467955,0,medical
高血压患者的饮食建议_76,9,0.4750933592905864,0,medical
高血压患者的饮食建议_76,10,0.42489033911013724,1,medical
高血压患者的饮食建议_76,11,0.31540550100869486,2,medical
高血压患者的饮食建议_76,12,0.3076857109564508,1,medical
高血压患者的饮食建议_76,13,0.2640657245649887,1,medical
高血压患者的饮食建议_76,14,0.15430848298808833,0,medical
高血压患者的饮食建议_76,15,0.005253686382140493,0,medical
最新科技新闻_77,1,0.72409445362807,4,news
最新科技新闻_77,2,0.633736504695092,2,news
最新科技新闻_77,3,0.4829516650339135,0,news
最新科技新闻_77,4,0.47075716951914454,2,news
最新科技新闻_77,5,0.3774244434656907,1,news
最新科技新闻_77,6,0.36999848111511985,2,news
最新科技新闻_77,7,0.23816304946580566,0,news
最新科技新闻_77,8,0.22622907357337704,0,news
最新科技新闻_77,9,0.2242287283057968,0,news
最新科技新闻_77,10,0.18802354734589452,0,news
最新科技新闻_77,11,0.1824428991651742,1,news
最新科技新闻_77,12,0.07202343929663094,0,news
最新科技新闻_77,13,0.05821319662315336,0,news
最新科技新闻_77,14,0.0,0,news
最新科技新闻_77,15,0.0,0,news
厨房电器选购指南_78,1,1.0,4,ecommerce
厨房电器选购指南_78,2,0.8551732844962172,4,ecommerce
厨房电器选购指南_78,3,0.7662416212208234,3,ecommerce
厨房电器选购指南_78,4,0.544998464737516,0,ecommerce
厨房电器选购指南_78,5,0.46223945706889336,1,ecommerce
厨房电器选购指南_78,6,0.4148773799909287,1,ecommerce
厨房电器选购指南_78,7,0.3115691851668524,2,ecommerce
厨房电器选购指南_78,8,0.30840724175990747,1,ecommerce
厨房电器选购指南_78,9,0.2267038160016705,1,ecommerce
厨房电器选购指南_78,10,0.20839320174690257,1,ecommerce
厨房电器选购指南_78,11,0.17706771403527255,1,ecommerce
厨房电器选购指南_78,12,0.12592656367736815,0,ecommerce
厨房电器选购指南_78,13,0.032693865282363704,0,ecommerce
厨房电器选购指南_78,14,5.192524514190111e-05,0,ecommerce
厨房电器选购指南_78,15,0.0,0,ecommerce
厨房电器选购指南_79,1,0.6698314817002226,2,ecommerce
厨房电器选购指南_79,2,0.6033626880931253,3,ecommerce
厨房电器选购指南_79,3,0.5727213044727464,0,ecommerce
厨房电器选购指南_79,4,0.510482120606731,2,ecommerce
厨房电器选购指南_79,5,0.3875346127860725,2,ecommerce
厨房电器选购指南_79,6,0.372447437814058,2,ecommerce
厨房电器选购指南_79,7,0.26518764263724215,1,ecommerce
厨房电器选购指南_79,8,0.23069103837969016,0,ecommerce
厨房电器选购指南_79,9,0.18882299076377204,0,ecommerce
厨房电器选购指南_79,10,0.18045678567411708,0,ecommerce
厨房电器选购指南_79,11,0.1635753326600987,1,ecommerce
厨房电器选购指南_79,12,0.08643753607306734,0,ecommerce
厨房电器选购指南_79,13,0.04988834749684154,0,ecommerce
厨房电器选购指南_79,14,0.0,0,ecommerce
厨房电器选购指南_79,15,0.0,0,ecommerce
高血压患者的饮食建议_80,1,1.0,4,medical
高血压患者的饮食建议_80,2,0.9262622216749732,4,medical
高血压患者的饮食建议_80,3,0.6942303289192746,3,medical
高血压患者的饮食建议_80,4,0.5052809257522365,0,medical
高血压患者的饮食建议_80,5,0.4979485759644297,4,medical
高血压患者的饮食建议_80,6,0.49366605739922936,4,medical
高血压患者的饮食建议_80,7,0.44756671246095425,0,medical
高血压患者的饮食建议_80,8,0.4306860937766985,1,medical
高血压患者的饮食建议_80,9,0.3072554880285236,1,medical
高血压患者的饮食建议_80,10,0.292960127126927,0,medical
高血压患者的饮食建议_80,11,0.27138822581004507,1,medical
高血压患者的饮食建议_80,12,0.26448499416940474,0,medical
高血压患者的饮食建议_80,13,0.16067362475495037,0,medical
高血压患者的饮食建议_80,14,0.12071182176421372,0,medical
高血压患者的饮食建议_80,15,0.0,0,medical
感冒的症状有哪些_81,1,0.6166876661833618,2,medical
感冒的症状有哪些_81,2,0.5751768866347241,2,medical
感冒的症状有哪些_81,3,0.448863712361919,0,medical
感冒的症状有哪些_81,4,0.43451644216740454,1,medical
感冒的症状有哪些_81,5,0.3842915452850296,2,medical
感冒的症状有哪些_81,6,0.31869504186157793,1,medical
感冒的症状有哪些_81,7,0.2819374105263477,3,medical
感冒的症状有哪些_81,8,0.26310301605294983,0,medical
感冒的症状有哪些_81,9,0.2295391160148421,0,medical
感冒的症状有哪些_81,10,0.21998146999618276,0,medical
感冒的症状有哪些_81,11,0.19037830200446945,1,medical
感冒的症状有哪些_81,12,0.12423896166499665,0,medical
感冒的症状有哪些_81,13,0.1141702139384693,1,medical
感冒的症状有哪些_81,14,0.10240060585665847,1,medical
感冒的症状有哪些_81,15,0.0,0,medical
体育赛事结果_82,1,1.0,4,news
体育赛事结果_82,2,0.7411511096609871,4,news
体育赛事结果_82,3,0.6199545383046101,2,news
体育赛事结果_82,4,0.5788540999283842,2,news
体育赛事结果_82,5,0.47144308767897225,0,news
体育赛事结果_82,6,0.4446720172402064,1,news
体育赛事结果_82,7,0.3866421574205405,2,news
体育赛事结果_82,8,0.324891836338357,2,news
体育赛事结果_82,9,0.3183513010297844,1,news
体育赛事结果_82,10,0.30655874485102397,2,news
体育赛事结果_82,11,0.1464088118221012,0,news
体育赛事结果_82,12,0.09749869212195247,0,news
体育赛事结果_82,13,0.08884611435654186,0,news
体育赛事结果_82,14,0.07963396118070537,0,news
体育赛事结果_82,15,0.03996062351462776,0,news
最新科技新闻_83,1,0.7475424980043561,4,news
最新科技新闻_83,2,0.5983320597369375,3,news
最新科技新闻_83,3,0.4377062917402514,2,news
最新科技新闻_83,4,0.4359290963543889,0,news
最新科技新闻_83,5,0.37068762735344163,1,news
最新科技新闻_83,6,0.27223405563964376,3,news
最新科技新闻_83,7,0.24221215680820818,3,news
最新科技新闻_83,8,0.16293545145541097,1,news
最新科技新闻_83,9,0.15124997460075898,1,news
最新科技新闻_83,10,0.14969345788653188,1,news
最新科技新闻_83,11,0.14643939569918554,0,news
最新科技新闻_83,12,0.04587191135100305,0,news
最新科技新闻_83,13,0.0,0,news
最新科技新闻_83,14,0.0,0,news
最新科技新闻_83,15,0.0,0,news
体育赛事结果_84,1,1.0,4,news
体育赛事结果_84,2,0.795428807760263,4,news
体育赛事结果_84,3,0.5477766142517374,0,news
体育赛事结果_84,4,0.5265606888668708,2,news
体育赛事结果_84,5,0.5041387938407884,0,news
体育赛事结果_84,6,0.3950344832353122,2,news
体育赛事结果_84,7,0.374983873924851,1,news
体育赛事结果_84,8,0.2552322774314453,0,news
体育赛事结果_84,9,0.24809746210406644,0,news
体育赛事结果_84,10,0.10655651359693508,0,news
体育赛事结果_84,11,0.06452766694037321,0,news
体育赛事结果_84,12,0.05782061816817077,0,news
体育赛事结果_84,13,0.007921003793222609,0,news
体育赛事结果_84,14,0.0024531016996690858,0,news
体育赛事结果_84,15,0.0,0,news
感冒的症状有哪些_85,1,0.8895731121956645,4,medical
感冒的症状有哪些_85,2,0.5629562552995736,3,medical
感冒的症状有哪些_85,3,0.5158396878865014,0,medical
感冒的症状有哪些_85,4,0.500293739535488,0,medical
感冒的症状有哪些_85,5,0.4925123554724081,2,medical
感冒的症状有哪些_85,6,0.4784308010473303,1,medical
感冒的症状有哪些_85,7,0.3702351482719488,2,medical
感冒的症状有哪些_85,8,0.2692933203648469,0,medical
感冒的症状有哪些_85,9,0.26342247576086897,0,medical
感冒的症状有哪些_85,10,0.23585453476377247,0,medical
感冒的症状有哪些_85,11,0.21742957592150933,1,medical
感冒的症状有哪些_85,12,0.2061293044505304,1,medical
感冒的症状有哪些_85,13,0.2034236200400162,0,medical
感冒的症状有哪些_85,14,0.16396829688662257,1,medical
感冒的症状有哪些_85,15,0.043366628598747875,0,medical
时尚服装搭配_86,1,1.0,4,ecommerce
时尚服装搭配_86,2,0.9507132514747612,4,ecommerce
时尚服装搭配_86,3,0.9495776506294702,4,ecommerce
时尚服装搭配_86,4,0.8869806043796875,3,ecommerce
时尚服装搭配_86,5,0.8345070897961995,3,ecommerce
时尚服装搭配_86,6,0.6561265559988996,2,ecommerce
时尚服装搭配_86,7,0.558798867123883,2,ecommerce
时尚服装搭配_86,8,0.4987213399412299,2,ecommerce
时尚服装搭配_86,9,0.45597013135434,1,ecommerce
时尚服装搭配_86,10,0.4053667768909911,4,ecommerce
时尚服装搭配_86,11,0.32334665411101676,1,ecommerce
时尚服装搭配_86,12,0.29593922462250716,1,ecommerce
时尚服装搭配_86,13,0.089847119864324,0,ecommerce
时尚服装搭配_86,14,0.03250869760049305,0,ecommerce
时尚服装搭配_86,15,0.022505127460431845,0,ecommerce
时尚服装搭配_87,1,0.9644165549079462,4,ecommerce
时尚服装搭配_87,2,0.7356531412847238,4,ecommerce
时尚服装搭配_87,3,0.5510357510475623,2,ecommerce
时尚服装搭配_87,4,0.5196202337848314,3,ecommerce
时尚服装搭配_87,5,0.49614306666335156,2,ecommerce
时尚服装搭配_87,6,0.4604501953515646,1,ecommerce
时尚服装搭配_87,7,0.39045080860728476,1,ecommerce
时尚服装搭配_87,8,0.33122768594267804,2,ecommerce
时尚服装搭配_87,9,0.17922934015745964,0,ecommerce
时尚服装搭配_87,10,0.12728834885657297,1,ecommerce
时尚服装搭配_87,11,0.12374049261920902,0,ecommerce
时尚服装搭配_87,12,0.07518370677483235,0,ecommerce
时尚服装搭配_87,13,0.050598679335513985,0,ecommerce
时尚服装搭配_87,14,0.015333418253861364,0,ecommerce
时尚服装搭配_87,15,0.0,0,ecommerce
如何申请退款_88,1,0.914351117492548,4,faq
如何申请退款_88,2,0.8705159573037535,3,faq
如何申请退款_88,3,0.6979363793766036,2,faq
如何申请退款_88,4,0.6345666824437766,2,faq
如何申请退款_88,5,0.6003012355278167,2,faq
如何申请退款_88,6,0.49843099874970354,1,faq
如何申请退款_88,7,0.4323307175905772,0,faq
如何申请退款_88,8,0.35885271781931005,2,faq
如何申请退款_88,9,0.35625602169690584,1,faq
如何申请退款_88,10,0.29359160209975255,0,faq
如何申请退款_88,11,0.20418153011846363,1,faq
如何申请退款_88,12,0.1540719805732351,0,faq
如何申请退款_88,13,0.08119857292742946,0,faq
如何申请退款_88,14,0.0,0,faq
如何申请退款_88,15,0.0,0,faq
高血压患者的饮食建议_89,1,0.7959732825286987,4,medical
高血压患者的饮食建议_89,2,0.5997386422470136,2,medical
高血压患者的饮食建议_89,3,0.5559778498584838,0,medical
高血压患者的饮食建议_89,4,0.5297178206093291,4,medical
高血压患者的饮食建议_89,5,0.5277099890684821,2,medical
高血压患者的饮食建议_89,6,0.4684388238917649,2,medical
高血压患者的饮食建议_89,7,0.4532727804117861,2,medical
高血压患者的饮食建议_89,8,0.36241114952501846,1,medical
高血压患者的饮食建议_89,9,0.3531088627714536,1,medical
高血压患者的饮食建议_89,10,0.35227028216053075,2,medical
高血压患者的饮食建议_89,11,0.3170543803235934,3,medical
高血压患者的饮食建议_89,12,0.2456565788349606,1,medical
高血压患者的饮食建议_89,13,0.24005314964730085,1,medical
高血压患者的饮食建议_89,14,0.20690970227984434,1,medical
高血压患者的饮食建议_89,15,0.0,0,medical
体育赛事结果_90,1,0.7223208488120597,3,news
体育赛事结果_90,2,0.6552978652150133,2,news
体育赛事结果_90,3,0.6095220525147993,3,news
体育赛事结果_90,4,0.48877831637794644,2,news
体育赛事结果_90,5,0.4640226157352692,2,news
体育赛事结果_90,6,0.4487403401625002,1,news
体育赛事结果_90,7,0.4018822332127365,1,news
体育赛事结果_90,8,0.37299534837838866,1,news
体育赛事结果_90,9,0.23771703446306866,1,news
体育赛事结果_90,10,0.22611441758594011,0,news
体育赛事结果_90,11,0.21387923973086734,0,news
体育赛事结果_90,12,0.18956048917333498,0,news
体育赛事结果_90,13,0.14704865788150548,0,news
体育赛事结果_90,14,0.025465347828652757,0,news
体育赛事结果_90,15,0.0,0,news
个人理财建议_91,1,0.6937470306604244,3,finance
个人理财建议_91,2,0.6368234428040667,2,finance
个人理财建议_91,3,0.5878334080829783,0,finance
个人理财建议_91,4,0.5379894933213076,3,finance
个人理财建议_91,5,0.4998649244583062,2,finance
个人理财建议_91,6,0.41971868248106026,0,finance
个人理财建议_91,7,0.36796623250805915,1,finance
个人理财建议_91,8,0.3294885807696045,2,finance
个人理财建议_91,9,0.314419098031557,1,finance
个人理财建议_91,10,0.2865539397115525,1,finance
个人理财建议_91,11,0.27759834150121804,1,finance
个人理财建议_91,12,0.2358466480628368,1,finance
个人理财建议_91,13,0.21740730152818574,0,finance
个人理财建议_91,14,0.15288544732876216,0,finance
个人理财建议_91,15,0.12243694810798164,0,finance
体育赛事结果_92,1,1.0,4,news
体育赛事结果_92,2,0.8943369417559054,4,news
体育赛事结果_92,3,0.7824570020233184,4,news
体育赛事结果_92,4,0.49433040747169205,2,news
体育赛事结果_92,5,0.3558486591249048,3,news
体育赛事结果_92,6,0.31935458038492653,3,news
体育赛事结果_92,7,0.28451988007981266,0,news
体育赛事结果_92,8,0.2546420860839319,1,news
体育赛事结果_92,9,0.1528281063079762,0,news
体育赛事结果_92,10,0.10215392550741434,0,news
体育赛事结果_92,11,0.08924838435730442,0,news
体育赛事结果_92,12,0.0,0,news
体育赛事结果_92,13,0.0,0,news
体育赛事结果_92,14,0.0,0,news
体育赛事结果_92,15,0.0,0,news
如何重置密码_93,1,0.8191863167489621,3,faq
如何重置密码_93,2,0.6818675962688392,2,faq
如何重置密码_93,3,0.6724409498048807,3,faq
如何重置密码_93,4,0.582875187523698,3,faq
如何重置密码_93,5,0.5680842845015452,3,faq
如何重置密码_93,6,0.33714161271273113,1,faq
如何重置密码_93,7,0.32530648399492573,1,faq
如何重置密码_93,8,0.22566794702100554,0,faq
如何重置密码_93,9,0.1845553390012882,0,faq
如何重置密码_93,10,0.18412886748721685,1,faq
如何重置密码_93,11,0.140950017163726,1,faq
如何重置密码_93,12,0.11231753740281994,0,faq
如何重置密码_93,13,0.0568341387428731,0,faq
如何重置密码_93,14,0.0,0,faq
如何重置密码_93,15,0.0,0,faq
时尚服装搭配_94,1,0.7608485513591359,4,ecommerce
时尚服装搭配_94,2,0.5291310116138945,2,ecommerce
时尚服装搭配_94,3,0.5217687108952154,2,ecommerce
时尚服装搭配_94,4,0.5131156304034381,2,ecommerce
时尚服装搭配_94,5,0.4507395394332526,1,ecommerce
时尚服装搭配_94,6,0.35384326134643507,1,ecommerce
时尚服装搭配_94,7,0.28701891012642833,0,ecommerce
时尚服装搭配_94,8,0.23678129348934993,1,ecommerce
时尚服装搭配_94,9,0.23284124090056632,0,ecommerce
时尚服装搭配_94,10,0.2294282562058466,1,ecommerce
时尚服装搭配_94,11,0.1543522580865284,0,ecommerce
时尚服装搭配_94,12,0.11416534039516879,1,ecommerce
时尚服装搭配_94,13,0.05995870219970004,0,ecommerce
时尚服装搭配_94,14,0.024152166204589154,0,ecommerce
时尚服装搭配_94,15,0.0,0,ecommerce
股票市场分析_95,1,1.0,4,finance
股票市场分析_95,2,0.8083939537513829,4,finance
股票市场分析_95,3,0.7523003869742723,4,finance
股票市场分析_95,4,0.7166773049260402,4,finance
股票市场分析_95,5,0.5939562265778512,2,finance
股票市场分析_95,6,0.5667147256154538,2,finance
股票市场分析_95,7,0.5481949136393507,4,finance
股票市场分析_95,8,0.546847579306652,0,finance
股票市场分析_95,9,0.451121182972665,0,finance
股票市场分析_95,10,0.43743491931252443,2,finance
股票市场分析_95,11,0.3210396957133369,1,finance
股票市场分析_95,12,0.22220046931001322,0,finance
股票市场分析_95,13,0.2076616107545391,1,finance
股票市场分析_95,14,0.08686777187217923,0,finance
股票市场分析_95,15,0.0,0,finance
高血压患者的饮食建议_96,1,0.9871847996654239,4,medical
高血压患者的饮食建议_96,2,0.7672672808223502,4,medical
高血压患者的饮食建议_96,3,0.6034382956406161,2,medical
高血压患者的饮食建议_96,4,0.4789478088634367,2,medical
高血压患者的饮食建议_96,5,0.43736301022032537,1,medical
高血压患者的饮食建议_96,6,0.4367446394414142,2,medical
高血压患者的饮食建议_96,7,0.4052002114409056,1,medical
高血压患者的饮食建议_96,8,0.38915146110284055,2,medical
高血压患者的饮食建议_96,9,0.2839471677751947,1,medical
高血压患者的饮食建议_96,10,0.24969559304751246,0,medical
高血压患者的饮食建议_96,11,0.2274666066150328,0,medical
高血压患者的饮食建议_96,12,0.1584946093264814,1,medical
高血压患者的饮食建议_96,13,0.11837563864211884,0,medical
高血压患者的饮食建议_96,14,0.07772726221033724,0,medical
高血压患者的饮食建议_96,15,0.0,0,medical
退货政策是什么_97,1,0.6491785302084343,2,faq
退货政策是什么_97,2,0.600133703923688,3,faq
退货政策是什么_97,3,0.5334438725074284,0,faq
退货政策是什么_97,4,0.4974240148761075,2,faq
退货政策是什么_97,5,0.4597434768484033,2,faq
退货政策是什么_97,6,0.4579208136630636,0,faq
退货政策是什么_97,7,0.4329082114162116,0,faq
退货政策是什么_97,8,0.3422253459698959,1,faq
退货政策是什么_97,9,0.2859590298339023,3,faq
退货政策是什么_97,10,0.23813280443755244,0,faq
退货政策是什么_97,11,0.2069742941009025,3,faq
退货政策是什么_97,12,0.1849002216786477,0,faq
退货政策是什么_97,13,0.15312444856684534,0,faq
退货政策是什么_97,14,0.14170132975894534,1,faq
退货政策是什么_97,15,0.0,0,faq
退货政策是什么_98,1,0.8843664376253941,3,faq
退货政策是什么_98,2,0.6112225709862058,2,faq
退货政策是什么_98,3,0.563966613444182,2,faq
退货政策是什么_98,4,0.4715720407651788,2,faq
退货政策是什么_98,5,0.30955027720776973,1,faq
退货政策是什么_98,6,0.28196978416339913,0,faq
退货政策是什么_98,7,0.27542774837485196,0,faq
退货政策是什么_98,8,0.2513709258842468,0,faq
退货政策是什么_98,9,0.21110439197948697,0,faq
退货政策是什么_98,10,0.1994867452918491,0,faq
退货政策是什么_98,11,0.17433816342159156,0,faq
退货政策是什么_98,12,0.16646945783453762,0,faq
退货政策是什么_98,13,0.1487682712087622,0,faq
退货政策是什么_98,14,0.10877610539489982,0,faq
退货政策是什么_98,15,0.0,0,faq
高血压患者的饮食建议_99,1,1.0,4,medical
高血压患者的饮食建议_99,2,0.7147277612140388,3,medical
高血压患者的饮食建议_99,3,0.6016355158297828,2,medical
高血压患者的饮食建议_99,4,0.5364614422527564,2,medical
高血压患者的饮食建议_99,5,0.41535055354113304,1,medical
高血压患者的饮食建议_99,6,0.39413473998911797,2,medical
高血压患者的饮食建议_99,7,0.2988364280719148,3,medical
高血压患者的饮食建议_99,8,0.26522727299537874,0,medical
高血压患者的饮食建议_99,9,0.23572407889014926,0,medical
高血压患者的饮食建议_99,10,0.165881022092428,1,medical
高血压患者的饮食建议_99,11,0.16027162792069885,0,medical
高血压患者的饮食建议_99,12,0.15100819062744728,1,medical
高血压患者的饮食建议_99,13,0.13037152705860444,1,medical
高血压患者的饮食建议_99,14,0.0,0,medical
高血压患者的饮食建议_99,15,0.0,0,medical
时尚服装搭配_100,1,1.0,4,ecommerce
时尚服装搭配_100,2,0.810549079060052,4,ecommerce
时尚服装搭配_100,3,0.7680135338051233,3,ecommerce
时尚服装搭配_100,4,0.7167003524176252,3,ecommerce
时尚服装搭配_100,5,0.6852750093113793,2,ecommerce
时尚服装搭配_100,6,0.6586585188125408,3,ecommerce
时尚服装搭配_100,7,0.6203444102063946,2,ecommerce
时尚服装搭配_100,8,0.5953433555852591,2,ecommerce
时尚服装搭配_100,9,0.5626757202912636,0,ecommerce
时尚服装搭配_100,10,0.5084043098287353,4,ecommerce
时尚服装搭配_100,11,0.45026829921122646,1,ecommerce
时尚服装搭配_100,12,0.2923637613710849,1,ecommerce
时尚服装搭配_100,13,0.2894406347547317,0,ecommerce
时尚服装搭配_100,14,0.24633745859018386,1,ecommerce
时尚服装搭配_100,15,0.14808164794593948,0,ecommerce
