query_id,query,doc_id,score,title_match,position,freshness,authority,is_relevant,domain,is_risk_domain
query_1,量子计算的应用前景有哪些？,doc_1_8,0.988807458939145,0.06064703232804591,8,0.6413580328949533,0.6745502318713897,True,medical,True
query_1,量子计算的应用前景有哪些？,doc_1_10,0.9069645615294206,0.6057396444250663,10,0.42417106174233776,0.13550040126470464,True,medical,True
query_1,量子计算的应用前景有哪些？,doc_1_6,0.6804236659798596,0.36101931556284095,6,0.8476409859224181,0.5447014091365286,True,medical,True
query_1,量子计算的应用前景有哪些？,doc_1_1,0.673246060320388,0.4753721200881045,1,0.22066088272322504,0.13605101345162962,False,medical,True
query_1,量子计算的应用前景有哪些？,doc_1_3,0.6428525376613404,0.16206471362937314,3,0.3530051712540354,0.6161163210796957,False,medical,True
query_1,量子计算的应用前景有哪些？,doc_1_2,0.5829510973438846,0.6849346502163883,2,0.3832986389351204,0.6731998989421427,False,medical,True
query_1,量子计算的应用前景有哪些？,doc_1_9,0.35514005466527443,0.9318312031111339,9,0.5289411988501505,0.5095452360047407,False,medical,True
query_1,量子计算的应用前景有哪些？,doc_1_7,0.3220571476221038,0.36274935808401165,7,0.6693637882070984,0.9960234924509715,False,medical,True
query_1,量子计算的应用前景有哪些？,doc_1_5,0.09888603378985916,0.39856129093346604,5,0.8175928190161765,0.8863308444823101,False,medical,True
query_1,量子计算的应用前景有哪些？,doc_1_4,0.0036188661196191463,0.8368580387842598,4,0.11878587553995312,0.5976534719189991,False,medical,True
query_2,什么是人工智能的最新发展？,doc_2_9,0.9165127897512374,0.250968225050197,9,0.6991092943011377,0.7086679638278943,True,medical,True
query_2,什么是人工智能的最新发展？,doc_2_6,0.8104565449992222,0.5180725936952029,6,0.9822607180631879,0.25901196062726983,False,medical,True
query_2,什么是人工智能的最新发展？,doc_2_5,0.6743739807619585,0.32742050405347356,5,0.5696158925463255,0.8898462444633012,False,medical,True
query_2,什么是人工智能的最新发展？,doc_2_3,0.5243957764480509,0.37294990922297855,3,0.27251092968534707,0.7670137077797646,False,medical,True
query_2,什么是人工智能的最新发展？,doc_2_4,0.4744994611517067,0.26277356101048244,4,0.9061382928075189,0.8022233777127308,False,medical,True
query_2,什么是人工智能的最新发展？,doc_2_8,0.39274632325405257,0.5253982609418836,8,0.7873599437360757,0.314036576756337,False,medical,True
query_2,什么是人工智能的最新发展？,doc_2_2,0.28380466992954656,0.531846422390329,2,0.2298458965031509,0.7281069858912057,False,medical,True
query_2,什么是人工智能的最新发展？,doc_2_7,0.18281515227702205,0.4297461018216192,7,0.462454416760104,0.5429479068392278,False,medical,True
query_2,什么是人工智能的最新发展？,doc_2_10,0.06998123767198783,0.708040395394463,10,0.6984467492235771,0.07491796652842253,False,medical,True
query_2,什么是人工智能的最新发展？,doc_2_1,0.03675279185053004,0.2691066108718557,1,0.6352139979383653,0.11483695367876035,False,medical,True
query_3,自动驾驶技术的发展现状,doc_3_8,0.9205922402293574,0.7017790384184055,8,0.2552355839045023,0.39171970279541146,True,finance,True
query_3,自动驾驶技术的发展现状,doc_3_4,0.6124969857824168,0.20618538930799324,4,0.43602990431145794,0.8221877160493309,False,finance,True
query_3,自动驾驶技术的发展现状,doc_3_3,0.582689293362655,0.5331795067817944,3,0.15161817127353572,0.553826486002069,False,finance,True
query_3,自动驾驶技术的发展现状,doc_3_6,0.526711936172234,0.09897708669747673,6,0.9081855773470282,0.7095164634736725,True,finance,True
query_3,自动驾驶技术的发展现状,doc_3_2,0.5207100359110853,0.6397562691320825,2,0.08376729043416575,0.8121205984671631,False,finance,True
query_3,自动驾驶技术的发展现状,doc_3_7,0.49596263592792755,0.7598649510131625,7,0.5386992202178885,0.17670119782620874,True,finance,True
query_3,自动驾驶技术的发展现状,doc_3_9,0.47843520655794447,0.3648033131121593,9,0.6742486593926296,0.976186021399877,True,finance,True
query_3,自动驾驶技术的发展现状,doc_3_10,0.21391289257970592,0.25712988591285935,10,0.005277824308520085,0.11671950550928434,False,finance,True
query_3,自动驾驶技术的发展现状,doc_3_1,0.19897386704776476,0.25100891827268834,1,0.6069493014016495,0.18996993415976637,False,finance,True
query_3,自动驾驶技术的发展现状,doc_3_5,0.17480110771521107,0.7557138781649605,5,0.8052700373353202,0.27011126446265765,False,finance,True
query_4,区块链技术的优势与挑战,doc_4_4,0.938376621950927,0.05386278030251468,4,0.9472585779390555,0.9713987351132438,False,tech,False
query_4,区块链技术的优势与挑战,doc_4_5,0.9298757819397168,0.9150281661320456,5,0.6857558697682088,0.17250975214975994,False,tech,False
query_4,区块链技术的优势与挑战,doc_4_7,0.860266800009221,0.9207022299801015,7,0.7611043693051677,0.8264153980301153,True,tech,False
query_4,区块链技术的优势与挑战,doc_4_8,0.8470791612758066,0.6327592039358115,8,0.20111550325757654,0.2522493637657003,True,tech,False
query_4,区块链技术的优势与挑战,doc_4_6,0.5368747748826453,0.0393670453020144,6,0.320660887396401,0.8413321197746106,True,tech,False
query_4,区块链技术的优势与挑战,doc_4_10,0.4859632190598656,0.49756562540831883,10,0.1640043027035346,0.13505046980524626,False,tech,False
query_4,区块链技术的优势与挑战,doc_4_9,0.3701226948809234,0.8025475375807491,9,0.4297526394292529,0.059797917991674665,False,tech,False
query_4,区块链技术的优势与挑战,doc_4_3,0.3087196838933478,0.795788225233649,3,0.7789035715681473,0.002581530080584704,False,tech,False
query_4,区块链技术的优势与挑战,doc_4_2,0.2511500667036639,0.6284088069403594,2,0.9982252042015484,0.33739517784012973,False,tech,False
query_4,区块链技术的优势与挑战,doc_4_1,0.14088301462063124,0.5222310405666537,1,0.10032093845109158,0.5184628585524246,False,tech,False
query_5,大数据分析在医疗领域的应用,doc_5_10,0.832791898162964,0.19560217820621295,10,0.012638608520871286,0.08485276186643242,True,tech,False
query_5,大数据分析在医疗领域的应用,doc_5_2,0.6088176984633551,0.5070503639734395,2,0.841287395051137,0.8914914083721376,False,tech,False
query_5,大数据分析在医疗领域的应用,doc_5_3,0.5735065749685857,0.8255407951984725,3,0.8958035181236528,0.0854081451665385,False,tech,False
query_5,大数据分析在医疗领域的应用,doc_5_1,0.5510260207507027,0.35812711864459257,1,0.23163505398405193,0.4678011541801187,False,tech,False
query_5,大数据分析在医疗领域的应用,doc_5_7,0.444636902032868,0.6971159112799126,7,0.01135342540424844,0.6842793587888003,False,tech,False
query_5,大数据分析在医疗领域的应用,doc_5_8,0.38137726008323003,0.982948154616319,8,0.41799153202248296,0.2453119875066917,False,tech,False
query_5,大数据分析在医疗领域的应用,doc_5_4,0.28783775805824086,0.05086116322542378,4,0.26026160018080025,0.5535166555523303,False,tech,False
query_5,大数据分析在医疗领域的应用,doc_5_5,0.23153968072280762,0.9996051390987637,5,0.5439042482031751,0.29711292488417607,False,tech,False
query_5,大数据分析在医疗领域的应用,doc_5_6,0.23088672019563994,0.05099844261572306,6,0.6970000167191579,0.07323327851506578,False,tech,False
query_5,大数据分析在医疗领域的应用,doc_5_9,0.17543388220408485,0.21653599942764767,9,0.7739306735365412,0.3228312929953051,False,tech,False
query_6,什么是人工智能的最新发展？,doc_6_2,0.9984678987528971,0.7726028014996613,2,0.14813649686987884,0.37933643784786664,False,finance,True
query_6,什么是人工智能的最新发展？,doc_6_7,0.9970877034517653,0.6655734950639302,7,0.7770536829339509,0.514245284810727,True,finance,True
query_6,什么是人工智能的最新发展？,doc_6_4,0.970485780778785,0.4096868221439993,4,0.1759818254323815,0.9359410231247154,True,finance,True
query_6,什么是人工智能的最新发展？,doc_6_8,0.9643726333638897,0.9041603835162136,8,0.7979849165227325,0.13245013069044587,True,finance,True
query_6,什么是人工智能的最新发展？,doc_6_1,0.8764223148591941,0.36300634596489345,1,0.9545140634085786,0.06874574879676343,False,finance,True
query_6,什么是人工智能的最新发展？,doc_6_10,0.6705605269863228,0.804331689816839,10,0.26834634643429656,0.3071899111068266,True,finance,True
query_6,什么是人工智能的最新发展？,doc_6_3,0.46046410258840875,0.3280344898506975,3,0.36175842611604336,0.9582477600923791,False,finance,True
query_6,什么是人工智能的最新发展？,doc_6_9,0.31533376749840203,0.8638713549272575,9,0.35005573176319693,0.15033626011569,False,finance,True
query_6,什么是人工智能的最新发展？,doc_6_5,0.1899806660649307,0.2211545376706291,5,0.07436218947228479,0.6928672247488449,False,finance,True
query_6,什么是人工智能的最新发展？,doc_6_6,0.14996321427416026,0.48623958925335053,6,0.5540577194126922,0.3947971017747923,False,finance,True
query_7,可持续发展的重要性是什么？,doc_7_8,0.8492887783233957,0.28701160420702043,8,0.2954513042801725,0.27151243727827157,True,general,False
query_7,可持续发展的重要性是什么？,doc_7_1,0.7331010749037454,0.023497597114567448,1,0.12311170086544376,0.5810993612030558,False,general,False
query_7,可持续发展的重要性是什么？,doc_7_7,0.3625963753909338,0.8671892262482525,7,0.8897804056698034,0.6869392224943717,False,general,False
query_7,可持续发展的重要性是什么？,doc_7_6,0.3370836982098905,0.0246380087643574,6,0.9318293819976846,0.8667449476228305,False,general,False
query_7,可持续发展的重要性是什么？,doc_7_4,0.26957087342200015,0.18593025528547846,4,0.5738231041558088,0.22685945303445587,False,general,False
query_7,可持续发展的重要性是什么？,doc_7_3,0.2514645947182973,0.7369891263806576,3,0.9541129452657633,0.18557695511296768,False,general,False
query_7,可持续发展的重要性是什么？,doc_7_5,0.21047705730629906,0.9899156776561421,5,0.19676945106368915,0.48421455382311684,False,general,False
query_7,可持续发展的重要性是什么？,doc_7_9,0.032945040514816615,0.8378635835101125,9,0.7380384845403916,0.03485598935255474,False,general,False
query_7,可持续发展的重要性是什么？,doc_7_2,0.013878623049015326,0.2413149649693731,2,0.1998516615041035,0.40186244729047516,False,general,False
query_7,可持续发展的重要性是什么？,doc_7_10,0.0018060938508076552,0.8473793540626876,10,0.6896633600766175,0.5504296839857079,False,general,False
query_8,如何提高机器学习模型的准确率？,doc_8_1,0.8256561945475451,0.8562060486975518,1,0.502516381509635,0.4980712321900339,False,tech,False
query_8,如何提高机器学习模型的准确率？,doc_8_3,0.7756019241905746,0.03233352160664782,3,0.9235604516604576,0.5978669405975536,False,tech,False
query_8,如何提高机器学习模型的准确率？,doc_8_7,0.5917020506081753,0.3414174766980671,7,0.09937241977279243,0.23970315253519459,True,tech,False
query_8,如何提高机器学习模型的准确率？,doc_8_2,0.5644533833744777,0.892882854635802,2,0.226958328145901,0.6244564508331104,False,tech,False
query_8,如何提高机器学习模型的准确率？,doc_8_4,0.29423016766583543,0.38290801355056336,4,0.15477501597446874,0.22978060566363334,False,tech,False
query_8,如何提高机器学习模型的准确率？,doc_8_5,0.2655705855482755,0.7517701208343895,5,0.4054048022458603,0.45043369280591095,False,tech,False
query_8,如何提高机器学习模型的准确率？,doc_8_8,0.238559227710457,0.7987425204664912,8,0.4534831960913758,0.02308279916623257,False,tech,False
query_8,如何提高机器学习模型的准确率？,doc_8_6,0.23118981481323064,0.5542401621951805,6,0.18094212835744317,0.8599430416081422,False,tech,False
query_8,如何提高机器学习模型的准确率？,doc_8_10,0.1294997152214845,0.5473760292582605,10,0.42718195047574115,0.5200808556790754,False,tech,False
query_8,如何提高机器学习模型的准确率？,doc_8_9,0.07456943439128139,0.7642277426881264,9,0.03627408267521759,0.8115119901233292,False,tech,False
query_9,云计算的未来趋势,doc_9_6,0.9377723799864144,0.26649999205091013,6,0.10584737107298448,0.9581163876006259,False,medical,True
query_9,云计算的未来趋势,doc_9_1,0.9327266162355834,0.1432551978731459,1,0.1310996087423566,0.5576319830169307,False,medical,True
query_9,云计算的未来趋势,doc_9_8,0.9023326506032442,0.6131473871662283,8,0.09115216414032612,0.541005607462708,True,medical,True
query_9,云计算的未来趋势,doc_9_3,0.8828315612485227,0.8337178870625686,3,0.7871919706324189,0.4577407593053695,False,medical,True
query_9,云计算的未来趋势,doc_9_9,0.8616573570367412,0.22921052641314166,9,0.8580767869782407,0.643061553773688,False,medical,True
query_9,云计算的未来趋势,doc_9_10,0.8203491323054365,0.754775501930911,10,0.5961213762406162,0.5727421239428823,False,medical,True
query_9,云计算的未来趋势,doc_9_2,0.5441215579474739,0.43397789157454136,2,0.5696092621369392,0.3371339156354237,False,medical,True
query_9,云计算的未来趋势,doc_9_4,0.5146239636170319,0.4762354288129832,4,0.9385317561283029,0.9852242419231851,False,medical,True
query_9,云计算的未来趋势,doc_9_5,0.1833286579333463,0.8127501582353885,5,0.8925547690631951,0.9735875031475976,False,medical,True
query_9,云计算的未来趋势,doc_9_7,0.008937185429467198,0.2792736207318336,7,0.9890343507687598,0.883742203773115,False,medical,True
query_10,量子计算的应用前景有哪些？,doc_10_1,0.9982610380829017,0.9238793659460466,1,0.5491807270074783,0.031543706323391985,False,medical,True
query_10,量子计算的应用前景有哪些？,doc_10_10,0.9458633288171402,0.4613816471914223,10,0.6841774919237738,0.6493571530405108,True,medical,True
query_10,量子计算的应用前景有哪些？,doc_10_8,0.9396292473786865,0.1770567041125941,8,0.48143708708448374,0.9585964044395444,True,medical,True
query_10,量子计算的应用前景有哪些？,doc_10_9,0.9247618380827872,0.1025687680456483,9,0.5461138980300906,0.36263130876156124,True,medical,True
query_10,量子计算的应用前景有哪些？,doc_10_2,0.923635940825955,0.4283148314672719,2,0.22084417747335117,0.9278358401559356,True,medical,True
query_10,量子计算的应用前景有哪些？,doc_10_6,0.6271233531140132,0.770909853108615,6,0.9244838073029461,0.5452839546467657,False,medical,True
query_10,量子计算的应用前景有哪些？,doc_10_4,0.5922646187615007,0.5920572116490574,4,0.8868695016883396,0.7460216532278198,False,medical,True
query_10,量子计算的应用前景有哪些？,doc_10_7,0.1468430993964589,0.9285652179512407,7,0.5576860496510417,0.12214322614181294,False,medical,True
query_10,量子计算的应用前景有哪些？,doc_10_5,0.12461401405170625,0.7383747704652412,5,0.6155729054690278,0.5999229165748298,False,medical,True
query_10,量子计算的应用前景有哪些？,doc_10_3,0.06535672487889488,0.9700970161246077,3,0.2947836294139341,0.06767252369581467,False,medical,True
query_11,云计算的未来趋势,doc_11_9,0.929337319546242,0.41006243310749246,9,0.614985918945536,0.6877321597480978,True,tech,False
query_11,云计算的未来趋势,doc_11_1,0.8599921231053098,0.3864849008615773,1,0.8938789920151664,0.7227285770168622,False,tech,False
query_11,云计算的未来趋势,doc_11_8,0.7990515857937831,0.9106420266648887,8,0.5137293603359442,0.1846111151433094,False,tech,False
query_11,云计算的未来趋势,doc_11_10,0.7684915573587756,0.5625595081291217,10,0.05071383232999305,0.4910127563942275,True,tech,False
query_11,云计算的未来趋势,doc_11_4,0.7525139231821437,0.6892253126051655,4,0.29486886952556834,0.38590372665115624,False,tech,False
query_11,云计算的未来趋势,doc_11_2,0.7359526227084467,0.3753150625369084,2,0.7233931953535147,0.9993057298883252,False,tech,False
query_11,云计算的未来趋势,doc_11_3,0.41376285022188386,0.14576558065665557,3,0.46989998124188137,0.873401155601708,False,tech,False
query_11,云计算的未来趋势,doc_11_7,0.3625739299139795,0.4037424660776947,7,0.5655204375702182,0.6982165005771431,False,tech,False
query_11,云计算的未来趋势,doc_11_6,0.11731495767471489,0.2850106435252827,6,0.009372818679980521,0.16716840530196653,False,tech,False
query_11,云计算的未来趋势,doc_11_5,0.09299115695976023,0.19121349389976394,5,0.9551279328740871,0.6308188068904533,False,tech,False
query_12,大数据分析在医疗领域的应用,doc_12_9,0.9558776514882517,0.166177064324461,9,0.7967042279785862,0.14838876011196733,True,legal,True
query_12,大数据分析在医疗领域的应用,doc_12_3,0.5985170251557501,0.03211489871067996,3,0.2430540926483019,0.5550150134562509,False,legal,True
query_12,大数据分析在医疗领域的应用,doc_12_6,0.4924280850045396,0.4079111257968395,6,0.3774930710411287,0.5407093536194048,True,legal,True
query_12,大数据分析在医疗领域的应用,doc_12_2,0.4825130119809702,0.47775740077652795,2,0.539543356154613,0.7779375282871082,False,legal,True
query_12,大数据分析在医疗领域的应用,doc_12_4,0.22865561346947416,0.13767799835724304,4,0.27232958009721486,0.03211204513193555,False,legal,True
query_12,大数据分析在医疗领域的应用,doc_12_10,0.1907154017980952,0.7860529293919488,10,0.10765133710436636,0.7438074515171234,False,legal,True
query_12,大数据分析在医疗领域的应用,doc_12_8,0.15715714460280927,0.26562411264051333,8,0.29520203025469427,0.8553871994184444,False,legal,True
query_12,大数据分析在医疗领域的应用,doc_12_7,0.08311509421456309,0.5924184650187714,7,0.8419223625756157,0.20040191396757867,False,legal,True
query_12,大数据分析在医疗领域的应用,doc_12_5,0.060207917200357675,0.6240819787772632,5,0.9160348140260268,0.610991916290874,False,legal,True
query_12,大数据分析在医疗领域的应用,doc_12_1,0.04029357993955518,0.1537908945625045,1,0.47988664729867136,0.17266450857345383,False,legal,True
query_13,区块链技术的优势与挑战,doc_13_3,0.9159790219744854,0.9925424164449628,3,0.25594240029378157,0.46645504394367476,False,medical,True
query_13,区块链技术的优势与挑战,doc_13_8,0.74632346081495,0.007426223599525494,8,0.16288108531732848,0.5477297486559974,True,medical,True
query_13,区块链技术的优势与挑战,doc_13_10,0.6956385569015306,0.6706352219581478,10,0.48459757711039975,0.681737355231116,True,medical,True
query_13,区块链技术的优势与挑战,doc_13_2,0.6888307997775278,0.4644248772009152,2,0.5957100957339407,0.9835331296044847,False,medical,True
query_13,区块链技术的优势与挑战,doc_13_4,0.6793427488012924,0.3495368927115644,4,0.4235854560421015,0.9230953857923776,False,medical,True
query_13,区块链技术的优势与挑战,doc_13_9,0.5961560262017898,0.4725544283317896,9,0.6255951863084109,0.6984480054155581,True,medical,True
query_13,区块链技术的优势与挑战,doc_13_7,0.565458075597158,0.42304925410779004,7,0.8786735556915393,0.6996265587353625,False,medical,True
query_13,区块链技术的优势与挑战,doc_13_6,0.3378632344087059,0.924978563802275,6,0.8208429240295134,0.03768994548513804,False,medical,True
query_13,区块链技术的优势与挑战,doc_13_5,0.028880966592858104,0.4810830100112087,5,0.10715042330031743,0.4846585106177391,False,medical,True
query_13,区块链技术的优势与挑战,doc_13_1,0.0001868330296981302,0.39201678808390783,1,0.6863172235481286,0.2860010110473603,False,medical,True
query_14,如何预防网络安全攻击？,doc_14_6,0.5820174623048179,0.2618990081712852,6,0.8669700072883305,0.5444743331596849,True,tech,False
query_14,如何预防网络安全攻击？,doc_14_8,0.461182467865181,0.43820322792116084,8,0.9766833521783359,0.23304285598581764,True,tech,False
query_14,如何预防网络安全攻击？,doc_14_2,0.3729727788178462,0.4409402579863667,2,0.419680966444155,0.8083838122685358,False,tech,False
query_14,如何预防网络安全攻击？,doc_14_5,0.25568020634712485,0.7913284768175101,5,0.7345177916278979,0.3673302529022803,False,tech,False
query_14,如何预防网络安全攻击？,doc_14_7,0.20367938688036613,0.740552422994848,7,0.8068576025137355,0.30787654576332424,False,tech,False
query_14,如何预防网络安全攻击？,doc_14_1,0.1636311137987877,0.7266845612179007,1,0.2711859918096684,0.38854470826111953,False,tech,False
query_14,如何预防网络安全攻击？,doc_14_4,0.15157916724807896,0.6678718935001925,4,0.7084519205992181,0.9904860204448757,False,tech,False
query_14,如何预防网络安全攻击？,doc_14_3,0.12865461492034946,0.30907879585006726,3,0.6687441856778058,0.9581721894192994,False,tech,False
query_14,如何预防网络安全攻击？,doc_14_9,0.05253893957069922,0.6479309182252292,9,0.8965297951348398,0.005650198437614162,False,tech,False
query_14,如何预防网络安全攻击？,doc_14_10,0.036607908925108346,0.026534615366096914,10,0.046847572265957704,0.6666626550477207,False,tech,False
query_15,大数据分析在医疗领域的应用,doc_15_4,0.8711419221422877,0.8268332917946781,4,0.7365462977731008,0.6185464618467894,False,tech,False
query_15,大数据分析在医疗领域的应用,doc_15_5,0.8200150854886509,0.6684738467015624,5,0.4062508679923045,0.8711874923785173,False,tech,False
query_15,大数据分析在医疗领域的应用,doc_15_9,0.73109098211996,0.9739705322355331,9,0.3609510834934958,0.2875178875893002,True,tech,False
query_15,大数据分析在医疗领域的应用,doc_15_10,0.5092601205788523,0.836748540671214,10,0.30012864608076384,0.39451632139947446,False,tech,False
query_15,大数据分析在医疗领域的应用,doc_15_3,0.49754209936231897,0.9427643275218036,3,0.7788968117015502,0.6092973728037562,False,tech,False
query_15,大数据分析在医疗领域的应用,doc_15_2,0.4486966854358233,0.3503230086293405,2,0.7023388945158436,0.41528987803095674,False,tech,False
query_15,大数据分析在医疗领域的应用,doc_15_1,0.3034849517455275,0.4756912662269367,1,0.43107155486738313,0.506912833596695,False,tech,False
query_15,大数据分析在医疗领域的应用,doc_15_8,0.05264399237062378,0.8671737855482707,8,0.9205022054628164,0.1339065659150912,False,tech,False
query_15,大数据分析在医疗领域的应用,doc_15_7,0.04763966096992556,0.8955227423390776,7,0.8711828252804528,0.22323491197696455,False,tech,False
query_15,大数据分析在医疗领域的应用,doc_15_6,0.04206397172249898,0.45471454084656737,6,0.482033144325013,0.1531966018219636,False,tech,False
query_16,如何提高机器学习模型的准确率？,doc_16_7,0.9459027923302114,0.8872490761198584,7,0.5370936733409026,0.6945312955526931,False,general,False
query_16,如何提高机器学习模型的准确率？,doc_16_2,0.922722022013929,0.7590314346126027,2,0.9293195753907598,0.6900227681333844,False,general,False
query_16,如何提高机器学习模型的准确率？,doc_16_8,0.8308040150571474,0.6273843602845908,8,0.11755653679807632,0.8099236564593787,False,general,False
query_16,如何提高机器学习模型的准确率？,doc_16_4,0.7725079308021376,0.8068988446552667,4,0.22012345223198682,0.4568659520609869,False,general,False
query_16,如何提高机器学习模型的准确率？,doc_16_5,0.7280894022094246,0.5956064744683942,5,0.042640057071859805,0.48240544463757795,False,general,False
query_16,如何提高机器学习模型的准确率？,doc_16_6,0.6521396633917758,0.26471804917994046,6,0.0455058506772541,0.3776431068032011,False,general,False
query_16,如何提高机器学习模型的准确率？,doc_16_3,0.5826555239614355,0.9309746725817326,3,0.292773499940739,0.650813295799158,False,general,False
query_16,如何提高机器学习模型的准确率？,doc_16_1,0.5064054418490628,0.2837094384649613,1,0.17988022895526445,0.6904850903050929,False,general,False
query_16,如何提高机器学习模型的准确率？,doc_16_9,0.13959469027463522,0.17184877209578564,9,0.6372492534378571,0.7553659883063643,False,general,False
query_16,如何提高机器学习模型的准确率？,doc_16_10,0.10749727784911633,0.6082837588082758,10,0.9566219625349407,0.9778352849874069,False,general,False
query_17,如何预防网络安全攻击？,doc_17_7,0.9719440938982493,0.14968087752116732,7,0.0687619818632409,0.5475437670252046,True,tech,False
query_17,如何预防网络安全攻击？,doc_17_2,0.9691654306335983,0.3925283877181388,2,0.6702016225692727,0.4877729317687931,False,tech,False
query_17,如何预防网络安全攻击？,doc_17_6,0.6181606130657918,0.4992240230103814,6,0.10342777800743252,0.48522606170395766,True,tech,False
query_17,如何预防网络安全攻击？,doc_17_5,0.5898478747317223,0.06692998497565239,5,0.3489341123271067,0.04748778297595224,False,tech,False
query_17,如何预防网络安全攻击？,doc_17_10,0.48978282029377296,0.5332863264408908,10,0.42020458155215623,0.5834534770094032,True,tech,False
query_17,如何预防网络安全攻击？,doc_17_8,0.41945079840229105,0.5445535779847904,8,0.07794373426109469,0.666657559733324,True,tech,False
query_17,如何预防网络安全攻击？,doc_17_4,0.41468770361603025,0.9273142068491813,4,0.610809781954838,0.7383868120952141,False,tech,False
query_17,如何预防网络安全攻击？,doc_17_9,0.39299327478037516,0.2871310670432683,9,0.19332314470253753,0.14900864111707812,False,tech,False
query_17,如何预防网络安全攻击？,doc_17_3,0.3162045810969669,0.5846956195560888,3,0.9962438356963608,0.8705993019180263,False,tech,False
query_17,如何预防网络安全攻击？,doc_17_1,0.3147202116711366,0.1715417194811647,1,0.29375852908848077,0.9720135602322402,False,tech,False
query_18,如何提高机器学习模型的准确率？,doc_18_9,0.8984081933784098,0.18282842394038945,9,0.5314613739431701,0.1575979564975435,True,legal,True
query_18,如何提高机器学习模型的准确率？,doc_18_6,0.869593894880426,0.42686960299651266,6,0.9744648073686348,0.5076681320734813,True,legal,True
query_18,如何提高机器学习模型的准确率？,doc_18_7,0.8039200560615918,0.10046849959875237,7,0.6757507609019423,0.6824039308061508,True,legal,True
query_18,如何提高机器学习模型的准确率？,doc_18_8,0.7724580567838862,0.1010501097071217,8,0.8097670758962474,0.35694839935667666,True,legal,True
query_18,如何提高机器学习模型的准确率？,doc_18_4,0.6282216089247316,0.4513667082172276,4,0.2572188130569377,0.6218116974338073,False,legal,True
query_18,如何提高机器学习模型的准确率？,doc_18_10,0.3937689240809955,0.5740644890165749,10,0.007409012739920784,0.9651082111817079,False,legal,True
query_18,如何提高机器学习模型的准确率？,doc_18_2,0.36983524152069935,0.9862342819705999,2,0.5234960887627041,0.19915980794138477,False,legal,True
query_18,如何提高机器学习模型的准确率？,doc_18_5,0.3543480093426604,0.33222019425443816,5,0.9056593512449486,0.26927817247216024,False,legal,True
query_18,如何提高机器学习模型的准确率？,doc_18_3,0.3233978104772678,0.4353368166798618,3,0.9370235380685097,0.5329319470296536,False,legal,True
query_18,如何提高机器学习模型的准确率？,doc_18_1,0.15040974280079666,0.23343719646258954,1,0.8189516807165256,0.5981841940901419,False,legal,True
query_19,云计算的未来趋势,doc_19_6,0.9689421184429103,0.0540374540064773,6,0.7435860955756778,0.9605504153373406,True,medical,True
query_19,云计算的未来趋势,doc_19_4,0.8144035251542292,0.49858200910544237,4,0.5759418144527745,0.33026257583734564,False,medical,True
query_19,云计算的未来趋势,doc_19_3,0.6318933705018394,0.9342913845935421,3,0.7736641618976792,0.34546757426532926,False,medical,True
query_19,云计算的未来趋势,doc_19_2,0.562364028231665,0.753828081211104,2,0.7421355270204537,0.3776978774313693,False,medical,True
query_19,云计算的未来趋势,doc_19_1,0.45353754065569885,0.8824313122215545,1,0.07762467281148222,0.507948809758985,False,medical,True
query_19,云计算的未来趋势,doc_19_9,0.41799251333709597,0.018261027338102864,9,0.7687395192040627,0.40487980331291873,True,medical,True
query_19,云计算的未来趋势,doc_19_5,0.2740457594979808,0.10069584392084108,5,0.6998847052244684,0.8456468687568076,False,medical,True
query_19,云计算的未来趋势,doc_19_10,0.20720369968453867,0.9506301820951034,10,0.10605184822818925,0.7537638234880599,False,medical,True
query_19,云计算的未来趋势,doc_19_8,0.20451072291703742,0.7499437128044812,8,0.5891294822717322,0.7033780841960005,False,medical,True
query_19,云计算的未来趋势,doc_19_7,0.1671049608314097,0.3451958115351298,7,0.1119740402746936,0.6648907907268382,False,medical,True
query_20,什么是人工智能的最新发展？,doc_20_4,0.9541989445099527,0.959351627970862,4,0.3046112624864086,0.03231387617927595,False,tech,False
query_20,什么是人工智能的最新发展？,doc_20_10,0.9512624482121207,0.3063013888443925,10,0.1438444744559133,0.29336588358714133,False,tech,False
query_20,什么是人工智能的最新发展？,doc_20_7,0.8026435299081298,0.5016543379141175,7,0.9818936217966601,0.28519025924443264,True,tech,False
query_20,什么是人工智能的最新发展？,doc_20_5,0.6807910629128722,0.024153223465195217,5,0.3621770933145947,0.6369208538703669,False,tech,False
query_20,什么是人工智能的最新发展？,doc_20_8,0.6624869768511942,0.2503519728409751,8,0.6896500804056243,0.27207120595257817,True,tech,False
query_20,什么是人工智能的最新发展？,doc_20_1,0.4133311196579116,0.7166057571264666,1,0.9965668192021669,0.03416653546123316,False,tech,False
query_20,什么是人工智能的最新发展？,doc_20_3,0.329757136257846,0.016242839600347225,3,0.6582645638642133,0.43267787759268694,False,tech,False
query_20,什么是人工智能的最新发展？,doc_20_9,0.25663831917042546,0.8905658982878459,9,0.09551156551442141,0.7191051340612298,False,tech,False
query_20,什么是人工智能的最新发展？,doc_20_6,0.18509858889380515,0.4461608247057378,6,0.14488196434239553,0.49898672945138933,False,tech,False
query_20,什么是人工智能的最新发展？,doc_20_2,0.08670415755588445,0.21407692259744981,2,0.13706971114616295,0.17624615351624795,False,tech,False
query_21,大数据分析在医疗领域的应用,doc_21_2,0.8923335250749078,0.6369271047668736,2,0.9747674034174717,0.6133056370864937,False,finance,True
query_21,大数据分析在医疗领域的应用,doc_21_8,0.8259120877712406,0.9376362180171415,8,0.45547267859562157,0.9346460950564288,True,finance,True
query_21,大数据分析在医疗领域的应用,doc_21_4,0.5729886043920921,0.1507044404790503,4,0.24062761889442785,0.6097829298994139,False,finance,True
query_21,大数据分析在医疗领域的应用,doc_21_6,0.5352945072581139,0.49072598889203367,6,0.5224453797671924,0.12329567645912975,True,finance,True
query_21,大数据分析在医疗领域的应用,doc_21_9,0.5310292883380324,0.29644098046248823,9,0.38903607074472313,0.10159129570578662,True,finance,True
query_21,大数据分析在医疗领域的应用,doc_21_1,0.5302314392822522,0.49853930109691247,1,0.7866873876668908,0.08863849264044543,False,finance,True
query_21,大数据分析在医疗领域的应用,doc_21_7,0.43347704940948584,0.30123184501110156,7,0.954192046772249,0.1294591811861442,True,finance,True
query_21,大数据分析在医疗领域的应用,doc_21_3,0.43122096470569615,0.005216435928895091,3,0.5181377255242965,0.9937635881692821,False,finance,True
query_21,大数据分析在医疗领域的应用,doc_21_10,0.32420062897032953,0.20177746229976878,10,0.5612558886946715,0.12336542798537165,False,finance,True
query_21,大数据分析在医疗领域的应用,doc_21_5,0.19616377659424777,0.2884178913849944,5,0.5246952582524512,0.7014438370616921,False,finance,True
query_22,可持续发展的重要性是什么？,doc_22_2,0.9488158804546938,0.5324546369779902,2,0.7455449003458847,0.07991164164020204,False,finance,True
query_22,可持续发展的重要性是什么？,doc_22_10,0.8193251061313079,0.19282699507454548,10,0.7661040051436341,0.3477839338529609,True,finance,True
query_22,可持续发展的重要性是什么？,doc_22_4,0.6954226338023314,0.11461859074812164,4,0.5686552765995916,0.9203067181468907,False,finance,True
query_22,可持续发展的重要性是什么？,doc_22_9,0.576283105634249,0.8488088318211163,9,0.16087134133461978,0.5060819537630356,False,finance,True
query_22,可持续发展的重要性是什么？,doc_22_8,0.4117663272094916,0.053873984906657624,8,0.8235134197237288,0.7992226200854871,True,finance,True
query_22,可持续发展的重要性是什么？,doc_22_6,0.4099500653683994,0.04042320018766454,6,0.5517542344103904,0.4635820320421451,True,finance,True
query_22,可持续发展的重要性是什么？,doc_22_7,0.37334168448846616,0.6721895657873289,7,0.9917147245545064,0.8907456283634935,False,finance,True
query_22,可持续发展的重要性是什么？,doc_22_5,0.31112419110120015,0.7144818338809789,5,0.026219577737744637,0.10660284048844448,False,finance,True
query_22,可持续发展的重要性是什么？,doc_22_3,0.25339523508281125,0.0054343685890612115,3,0.034894473507749546,0.4634690336621976,False,finance,True
query_22,可持续发展的重要性是什么？,doc_22_1,0.10156711064495849,0.007245724213303828,1,0.9858297614972825,0.4532998640624206,False,finance,True
query_23,区块链技术的优势与挑战,doc_23_6,0.9818127175715732,0.5279853297322756,6,0.8317913297105399,0.91031508090264,False,tech,False
query_23,区块链技术的优势与挑战,doc_23_10,0.7748990120150799,0.8529557844281758,10,0.06861992862534738,0.6440171180681842,True,tech,False
query_23,区块链技术的优势与挑战,doc_23_8,0.667153719384539,0.9836875560928097,8,0.8448862541605101,0.7268029918514889,True,tech,False
query_23,区块链技术的优势与挑战,doc_23_4,0.5169518893440667,0.7148516579141526,4,0.8476848726920924,0.3585780253672787,False,tech,False
query_23,区块链技术的优势与挑战,doc_23_9,0.48187256862696937,0.5300067549376328,9,0.8414550695589311,0.7971142783805135,False,tech,False
query_23,区块链技术的优势与挑战,doc_23_2,0.46255476140284035,0.06722842983090094,2,0.7643885285986063,0.6604064731897824,False,tech,False
query_23,区块链技术的优势与挑战,doc_23_5,0.22907181719252256,0.652048111160388,5,0.9548246198566154,0.3598180740226923,False,tech,False
query_23,区块链技术的优势与挑战,doc_23_1,0.13139970830046055,0.5146564429209899,1,0.8115269541142558,0.4124298649589191,False,tech,False
query_23,区块链技术的优势与挑战,doc_23_3,0.10658233876783108,0.6855230819483141,3,0.22350538578411527,0.9968650837419133,False,tech,False
query_23,区块链技术的优势与挑战,doc_23_7,0.006143372865671237,0.7281314954714806,7,0.13406788068107556,0.5278827665543685,False,tech,False
query_24,如何预防网络安全攻击？,doc_24_3,0.9902583136507326,0.4454328650118421,3,0.9345017553555697,0.5539308601957231,False,finance,True
query_24,如何预防网络安全攻击？,doc_24_6,0.9852111420881762,0.9286297582805306,6,0.257591517629267,0.2509306853463731,False,finance,True
query_24,如何预防网络安全攻击？,doc_24_8,0.9402393909431437,0.7167693466334129,8,0.8087754191548737,0.41626983378394355,True,finance,True
query_24,如何预防网络安全攻击？,doc_24_4,0.8360367821998849,0.1659446499451359,4,0.25507723129476023,0.7701908788607338,False,finance,True
query_24,如何预防网络安全攻击？,doc_24_7,0.7238743682498506,0.32804519235467766,7,0.5590118393212508,0.9300275626200304,True,finance,True
query_24,如何预防网络安全攻击？,doc_24_5,0.5904073120341199,0.94571021417597,5,0.35989912620669773,0.33655903177570856,False,finance,True
query_24,如何预防网络安全攻击？,doc_24_9,0.41234576985674587,0.49484389036808574,9,0.6477095942047973,0.9308003885309305,True,finance,True
query_24,如何预防网络安全攻击？,doc_24_10,0.40505281499909496,0.021274487969619837,10,0.531533679261713,0.31538350678563665,True,finance,True
query_24,如何预防网络安全攻击？,doc_24_1,0.3904731257389994,0.7023002563068994,1,0.29092914847936746,0.7986631978497029,False,finance,True
query_24,如何预防网络安全攻击？,doc_24_2,0.2023012354870508,0.2222251685317601,2,0.7426483217336551,0.45276026547085024,False,finance,True
query_25,自动驾驶技术的发展现状,doc_25_4,0.7413449792957658,0.7497542168655885,4,0.05928599850663985,0.8268051569646927,False,legal,True
query_25,自动驾驶技术的发展现状,doc_25_5,0.7002785808394281,0.4465001114613,5,0.5769342626400952,0.5802584722358642,False,legal,True
query_25,自动驾驶技术的发展现状,doc_25_9,0.647642656289796,0.13642636230545546,9,0.5159392828005513,0.20044474646856725,False,legal,True
query_25,自动驾驶技术的发展现状,doc_25_7,0.5654331733073333,0.6080229469600382,7,0.0649729803969038,0.2690838352922986,True,legal,True
query_25,自动驾驶技术的发展现状,doc_25_2,0.48535860248211404,0.7206512633771571,2,0.5078157951656075,0.7035908789071793,False,legal,True
query_25,自动驾驶技术的发展现状,doc_25_3,0.46798180854032134,0.4803709930360991,3,0.7286107950882346,0.05131914881792243,False,legal,True
query_25,自动驾驶技术的发展现状,doc_25_6,0.40032388543551567,0.7825541493963245,6,0.873654953885056,0.33774130498650823,True,legal,True
query_25,自动驾驶技术的发展现状,doc_25_8,0.3974043317842033,0.900092686500462,8,0.896685532853304,0.7687952899367523,False,legal,True
query_25,自动驾驶技术的发展现状,doc_25_1,0.3276596689588258,0.17974764573110602,1,0.42146227864801444,0.9398299632404045,False,legal,True
query_25,自动驾驶技术的发展现状,doc_25_10,0.32435081383377606,0.39359669551568044,10,0.3939933545499913,0.7418895927807335,False,legal,True
query_26,自动驾驶技术的发展现状,doc_26_5,0.9404514537189063,0.6692207536557772,5,0.9777705917211184,0.19773601174652122,False,general,False
query_26,自动驾驶技术的发展现状,doc_26_3,0.8384876738135273,0.35277122452364196,3,0.9847744544183838,0.42910331661688184,False,general,False
query_26,自动驾驶技术的发展现状,doc_26_10,0.7652360938307692,0.8967106161898026,10,0.14072667078951262,0.6950226279213578,False,general,False
query_26,自动驾驶技术的发展现状,doc_26_2,0.6808776703691422,0.49033021046059466,2,0.7493089316503536,0.8679745652041903,False,general,False
query_26,自动驾驶技术的发展现状,doc_26_9,0.6661626022798036,0.1338301014427935,9,0.9217723206520014,0.9185166886954319,True,general,False
query_26,自动驾驶技术的发展现状,doc_26_1,0.5919288036938083,0.44068505630833266,1,0.5811147616814284,0.42101220106383785,False,general,False
query_26,自动驾驶技术的发展现状,doc_26_6,0.5559948615060567,0.11920863347275168,6,0.6848152104426949,0.35131788432585087,True,general,False
query_26,自动驾驶技术的发展现状,doc_26_4,0.3902357906832915,0.5357500270739982,4,0.47055736572382967,0.9303049815819351,False,general,False
query_26,自动驾驶技术的发展现状,doc_26_7,0.12933646061999682,0.31597777137399985,7,0.34103189229876607,0.3100441608093236,False,general,False
query_26,自动驾驶技术的发展现状,doc_26_8,0.12483214094186379,0.21403089255718,8,0.0930332841704472,0.002290809010344841,False,general,False
query_27,5G技术对社会的影响,doc_27_9,0.9646861329041236,0.18000099060868646,9,0.6411463713578724,0.8392884018668273,False,medical,True
query_27,5G技术对社会的影响,doc_27_7,0.8797999839763316,0.2381437077684191,7,0.6622444256006339,0.6289679172055287,True,medical,True
query_27,5G技术对社会的影响,doc_27_4,0.8004520917909622,0.6158156024740123,4,0.2556867904239718,0.37255302198763174,False,medical,True
query_27,5G技术对社会的影响,doc_27_6,0.7973169102081087,0.8064936125234923,6,0.6465301601939645,0.5486826155387586,True,medical,True
query_27,5G技术对社会的影响,doc_27_1,0.6271803680709466,0.0757534088985321,1,0.8369382218976422,0.5983345422962875,False,medical,True
query_27,5G技术对社会的影响,doc_27_5,0.6094943522552574,0.18417461285153192,5,0.22029600664003246,0.8116240702040503,False,medical,True
query_27,5G技术对社会的影响,doc_27_10,0.5368158010639509,0.696504824048048,10,0.7749867408067628,0.32531586084351083,False,medical,True
query_27,5G技术对社会的影响,doc_27_3,0.525693305543629,0.9966293505098736,3,0.17234463629893126,0.7261700977262593,False,medical,True
query_27,5G技术对社会的影响,doc_27_8,0.25666071054031936,0.31071135755430246,8,0.9180186453600107,0.9219793188618203,False,medical,True
query_27,5G技术对社会的影响,doc_27_2,0.11889664688430635,0.8408196595047057,2,0.6668429815370099,0.11527629422222085,False,medical,True
query_28,云计算的未来趋势,doc_28_4,0.9937137617354439,0.49141263680592073,4,0.757602702162405,0.308236014257519,False,general,False
query_28,云计算的未来趋势,doc_28_10,0.8533696913992956,0.2593821197898526,10,0.4827143216368015,0.20508284313319414,False,general,False
query_28,云计算的未来趋势,doc_28_5,0.7774684848007593,0.5801006240761616,5,0.5247995402466561,0.17511198791463922,False,general,False
query_28,云计算的未来趋势,doc_28_2,0.6370341900743515,0.4219454588403727,2,0.1258236944689628,0.6033980741486751,False,general,False
query_28,云计算的未来趋势,doc_28_6,0.4502064258210642,0.3788065272307075,6,0.3294457504533216,0.6743634311767582,False,general,False
query_28,云计算的未来趋势,doc_28_1,0.36267747099490477,0.9947218127328235,1,0.5691214859120353,0.8252510718929267,False,general,False
query_28,云计算的未来趋势,doc_28_9,0.29412160514962904,0.1140394797479306,9,0.09195611885525468,0.5875470768888543,False,general,False
query_28,云计算的未来趋势,doc_28_8,0.28670102080770044,0.6792750136065115,8,0.09093878810915068,0.4773127254358207,False,general,False
query_28,云计算的未来趋势,doc_28_7,0.06522102766244342,0.7146881840149835,7,0.4779396064669601,0.35368725815354984,False,general,False
query_28,云计算的未来趋势,doc_28_3,0.017451879525321456,0.7348418044921362,3,0.6374847360357344,0.756868636383045,False,general,False
query_29,云计算的未来趋势,doc_29_8,0.7552540041156901,0.10448398420491167,8,0.05756257571934886,0.03951711878198705,True,tech,False
query_29,云计算的未来趋势,doc_29_7,0.6815109154435883,0.22403161290683915,7,0.595263460472219,0.3327631193119295,True,tech,False
query_29,云计算的未来趋势,doc_29_3,0.6770815399365024,0.2737764644692732,3,0.9433276563735321,0.8020126391470755,False,tech,False
query_29,云计算的未来趋势,doc_29_6,0.5540380670626892,0.31622281515744477,6,0.8923312283143052,0.5213171204854493,False,tech,False
query_29,云计算的未来趋势,doc_29_4,0.5464463747461901,0.8690379338896309,4,0.035727135571046564,0.3028477471644512,False,tech,False
query_29,云计算的未来趋势,doc_29_9,0.5067896487881773,0.3635705704579537,9,0.13432143573709443,0.8425688517571062,True,tech,False
query_29,云计算的未来趋势,doc_29_2,0.18989986305148587,0.7904716960904417,2,0.8099558601598988,0.6615484299409076,False,tech,False
query_29,云计算的未来趋势,doc_29_10,0.04250909495277522,0.5653305979226435,10,0.11400987234354443,0.041527412604830505,False,tech,False
query_29,云计算的未来趋势,doc_29_1,0.03354282542551845,0.8444629549753957,1,0.6856654361325887,0.38395977852129126,False,tech,False
query_29,云计算的未来趋势,doc_29_5,0.029652153456328656,0.9355706683582786,5,0.5790973844033275,0.04458546918575723,False,tech,False
query_30,如何提高机器学习模型的准确率？,doc_30_9,0.9712781569722837,0.8391166764083585,9,0.055627779174697856,0.7947702609394856,True,general,False
query_30,如何提高机器学习模型的准确率？,doc_30_4,0.9103075489617495,0.26420420733239824,4,0.4681660253419504,0.5757658195498583,False,general,False
query_30,如何提高机器学习模型的准确率？,doc_30_8,0.7950850695287451,0.1906071494440762,8,0.5299220063722538,0.5988097639929443,False,general,False
query_30,如何提高机器学习模型的准确率？,doc_30_3,0.7738663337092347,0.19677397002587038,3,0.9560589459213937,0.22204884786611767,False,general,False
query_30,如何提高机器学习模型的准确率？,doc_30_1,0.5750419120383035,0.8183876830447255,1,0.825014488286992,0.46758774990987473,False,general,False
query_30,如何提高机器学习模型的准确率？,doc_30_7,0.5492278984291873,0.6092053897366768,7,0.6650719320984331,0.9981166833379043,False,general,False
query_30,如何提高机器学习模型的准确率？,doc_30_5,0.4963548576070189,0.8413082703313478,5,0.7995386804114516,0.06942958535502386,False,general,False
query_30,如何提高机器学习模型的准确率？,doc_30_10,0.27289090152761597,0.36659208814354505,10,0.49964558420112537,0.4514274203581118,False,general,False
query_30,如何提高机器学习模型的准确率？,doc_30_6,0.07547027685998187,0.5564682784244174,6,0.10029753497569749,0.7216374958746354,False,general,False
query_30,如何提高机器学习模型的准确率？,doc_30_2,0.06256584318734382,0.9946936455667675,2,0.29379225170248746,0.6425181290250952,False,general,False
query_31,自动驾驶技术的发展现状,doc_31_5,0.9103643071042496,0.39908384827700827,5,0.979416805502508,0.9756026247058983,False,general,False
query_31,自动驾驶技术的发展现状,doc_31_2,0.8038435586658575,0.33681788720822636,2,0.9343758183178154,0.20943125457330647,False,general,False
query_31,自动驾驶技术的发展现状,doc_31_10,0.7237350582581411,0.601908963956925,10,0.048094678768958676,0.9692135769295643,True,general,False
query_31,自动驾驶技术的发展现状,doc_31_8,0.6604532273818711,0.7613288522810109,8,0.4088564502443768,0.002219005366320692,False,general,False
query_31,自动驾驶技术的发展现状,doc_31_6,0.6241690507615154,0.519146337887282,6,0.5179660519664,0.4671531775579346,True,general,False
query_31,自动驾驶技术的发展现状,doc_31_3,0.5918691556456783,0.5793262028130318,3,0.19046663063386005,0.32761352247602793,False,general,False
query_31,自动驾驶技术的发展现状,doc_31_4,0.5819636282536412,0.8146811762133551,4,0.2956189470435244,0.771720113424759,False,general,False
query_31,自动驾驶技术的发展现状,doc_31_7,0.41133747383766117,0.8091830059667242,7,0.4590628725951952,0.6313459963995083,True,general,False
query_31,自动驾驶技术的发展现状,doc_31_9,0.2502294767203964,0.649695385282899,9,0.6287342978100485,0.5169589506672038,False,general,False
query_31,自动驾驶技术的发展现状,doc_31_1,0.17459552970124426,0.9294077596320446,1,0.8215232250460693,0.9619996999789134,False,general,False
query_32,量子计算的应用前景有哪些？,doc_32_2,0.85986153294447,0.14070519849776408,2,0.12982468052245222,0.9545150413182037,False,medical,True
query_32,量子计算的应用前景有哪些？,doc_32_10,0.8024987814527557,0.6645676755770092,10,0.6194023521135145,0.20804291452154577,True,medical,True
query_32,量子计算的应用前景有哪些？,doc_32_9,0.7761775428143377,0.6016562596413468,9,0.9160170516666197,0.278415563840149,True,medical,True
query_32,量子计算的应用前景有哪些？,doc_32_6,0.6923654108234029,0.3760549791714287,6,0.3753177608903312,0.8897590762286801,True,medical,True
query_32,量子计算的应用前景有哪些？,doc_32_8,0.6834594222141426,0.9494235653542196,8,0.14783954138481958,0.6821586564440806,False,medical,True
query_32,量子计算的应用前景有哪些？,doc_32_3,0.48315605247734583,0.9433837409099888,3,0.33587450795028173,0.8126553458749673,False,medical,True
query_32,量子计算的应用前景有哪些？,doc_32_1,0.37072965313878936,0.6979853868463956,1,0.543899277269175,0.05582068312390531,False,medical,True
query_32,量子计算的应用前景有哪些？,doc_32_5,0.36289379494079943,0.6489929219392544,5,0.2541094215055345,0.8585098385599301,False,medical,True
query_32,量子计算的应用前景有哪些？,doc_32_4,0.299468183163058,0.06531781927600566,4,0.8324399371336424,0.43788795206127007,False,medical,True
query_32,量子计算的应用前景有哪些？,doc_32_7,0.07717431662786967,0.023275507953597785,7,0.4438430690367462,0.6250214119264378,False,medical,True
query_33,如何提高机器学习模型的准确率？,doc_33_4,0.8083296464578366,0.162714041342927,4,0.4587097178071976,0.9664737351993943,False,general,False
query_33,如何提高机器学习模型的准确率？,doc_33_2,0.6871067103005996,0.36648224008684616,2,0.2685704359398754,0.49505778752253427,False,general,False
query_33,如何提高机器学习模型的准确率？,doc_33_7,0.6155973231399258,0.6484210934679352,7,0.28299125934334846,0.2359183179110308,True,general,False
query_33,如何提高机器学习模型的准确率？,doc_33_8,0.5455209013774295,0.35782900291998865,8,0.5405348031786152,0.673215395716466,True,general,False
query_33,如何提高机器学习模型的准确率？,doc_33_10,0.516632531479085,0.7871300436075006,10,0.06939443476593732,0.9254842479836574,True,general,False
query_33,如何提高机器学习模型的准确率？,doc_33_3,0.2986784030538042,0.3105864487005028,3,0.5220371822747687,0.4794630123735255,False,general,False
query_33,如何提高机器学习模型的准确率？,doc_33_9,0.20721966488460508,0.7265921136644601,9,0.6036432755335552,0.04023547108980907,False,general,False
query_33,如何提高机器学习模型的准确率？,doc_33_5,0.19017001352552454,0.5714283335877122,5,0.7776138648144462,0.951843187690789,False,general,False
query_33,如何提高机器学习模型的准确率？,doc_33_1,0.08587576803669239,0.752841810821952,1,0.875619804539262,0.8952990745738968,False,general,False
query_33,如何提高机器学习模型的准确率？,doc_33_6,0.05831387019128065,0.9863874912394298,6,0.8141078031552987,0.2753074073770798,False,general,False
query_34,区块链技术的优势与挑战,doc_34_3,0.976956996325619,0.6710019659879434,3,0.09116335940140563,0.018210732709782018,False,tech,False
query_34,区块链技术的优势与挑战,doc_34_1,0.8527646796117481,0.18789270528978308,1,0.840392701552533,0.2624618961523729,False,tech,False
query_34,区块链技术的优势与挑战,doc_34_9,0.8504006486310579,0.2820874130358598,9,0.010282533721265086,0.05627413895423561,True,tech,False
query_34,区块链技术的优势与挑战,doc_34_2,0.7209137168352073,0.13203216724880995,2,0.8070211399203849,0.03323369950330202,False,tech,False
query_34,区块链技术的优势与挑战,doc_34_10,0.6991457979703027,0.9094225191679999,10,0.38703787689297986,0.4723124514269328,True,tech,False
query_34,区块链技术的优势与挑战,doc_34_7,0.5065686159031584,0.5336284843180885,7,0.9141110304874449,0.7026535048219101,True,tech,False
query_34,区块链技术的优势与挑战,doc_34_8,0.47373038314378113,0.11999692791791905,8,0.2151430627386105,0.632947065886165,True,tech,False
query_34,区块链技术的优势与挑战,doc_34_5,0.13754151023681038,0.9593025032266971,5,0.7393296553374702,0.09833338287175208,False,tech,False
query_34,区块链技术的优势与挑战,doc_34_6,0.12300888005735122,0.04921894079332456,6,0.5540668652557031,0.40469333085005343,False,tech,False
query_34,区块链技术的优势与挑战,doc_34_4,0.06249181678606863,0.9195058650905371,4,0.5245784271831536,0.5946061351338284,False,tech,False
query_35,可持续发展的重要性是什么？,doc_35_2,0.9543131004499359,0.6892615791149107,2,0.3128153294767493,0.8475559260920064,True,finance,True
query_35,可持续发展的重要性是什么？,doc_35_3,0.884658317647138,0.7550988112049603,3,0.1278638350039576,0.8878891864994841,False,finance,True
query_35,可持续发展的重要性是什么？,doc_35_10,0.8112331933394398,0.7953515300047568,10,0.7388732886930783,0.1452130027126035,True,finance,True
query_35,可持续发展的重要性是什么？,doc_35_9,0.43350845886340283,0.6623216723455667,9,0.16919782121471316,0.13243219845117116,False,finance,True
query_35,可持续发展的重要性是什么？,doc_35_8,0.3852050026471553,0.633140980774432,8,0.27852124674183054,0.09972642611075566,False,finance,True
query_35,可持续发展的重要性是什么？,doc_35_6,0.31170342524271166,0.633095159572321,6,0.45641051328696036,0.5507328921208144,False,finance,True
query_35,可持续发展的重要性是什么？,doc_35_7,0.27650767226805384,0.23119790866717604,7,0.47861062071664195,0.04088198212179617,False,finance,True
query_35,可持续发展的重要性是什么？,doc_35_4,0.25536765872160905,0.3294787026365593,4,0.17613221887046848,0.41933303286601675,False,finance,True
query_35,可持续发展的重要性是什么？,doc_35_1,0.23411189069333205,0.32969216825334546,1,0.33203194124807567,0.32325426161146165,False,finance,True
query_35,可持续发展的重要性是什么？,doc_35_5,0.16795583709636652,0.8914032846345896,5,0.10016701369537673,0.421464843063339,False,finance,True
query_36,云计算的未来趋势,doc_36_10,0.8943400329282758,0.25403005724701067,10,0.30118460070970077,0.14711952694546349,False,tech,False
query_36,云计算的未来趋势,doc_36_9,0.820485310266599,0.42085923858235097,9,0.19602040402872012,0.6408998143683642,True,tech,False
query_36,云计算的未来趋势,doc_36_4,0.8092275035202088,0.3491471888979041,4,0.5961955234668938,0.12447227382350368,False,tech,False
query_36,云计算的未来趋势,doc_36_6,0.7487278484043853,0.18782288535815972,6,0.4177772801223014,0.1357762602450452,True,tech,False
query_36,云计算的未来趋势,doc_36_3,0.7099906603397077,0.7740882923176439,3,0.04516926923820763,0.5345923419097555,False,tech,False
query_36,云计算的未来趋势,doc_36_7,0.6550961029841793,0.7432934231473654,7,0.6122163018366543,0.6221741877681651,True,tech,False
query_36,云计算的未来趋势,doc_36_2,0.6304525671136485,0.5864165467230097,2,0.8521496292055347,0.8587938620090955,False,tech,False
query_36,云计算的未来趋势,doc_36_1,0.46037416411725307,0.9342118962245194,1,0.4938870576259269,0.07977690630446432,False,tech,False
query_36,云计算的未来趋势,doc_36_5,0.42519083177413663,0.7292771984013364,5,0.48787775789025634,0.2904239809301923,False,tech,False
query_36,云计算的未来趋势,doc_36_8,0.21224564045498262,0.3521440376384234,8,0.8035055988111376,0.19167936781095063,False,tech,False
query_37,云计算的未来趋势,doc_37_2,0.996289865967033,0.32601065419033415,2,0.8368549410463045,0.3509430978069902,False,legal,True
query_37,云计算的未来趋势,doc_37_9,0.9178339200781878,0.19064343236487336,9,0.9550204362480884,0.7402534027578543,True,legal,True
query_37,云计算的未来趋势,doc_37_8,0.876298862061306,0.09906126416316452,8,0.9371152418657588,0.4242767208646344,True,legal,True
query_37,云计算的未来趋势,doc_37_4,0.8659327058753904,0.7747225483914814,4,0.48226890318686133,0.310999797530385,False,legal,True
query_37,云计算的未来趋势,doc_37_10,0.7717176821318861,0.1322512135713404,10,0.029269592146129897,0.29768902962932364,False,legal,True
query_37,云计算的未来趋势,doc_37_5,0.44111331036417156,0.7667845623297086,5,0.8022953277363541,0.7001039062840527,False,legal,True
query_37,云计算的未来趋势,doc_37_6,0.3227162558692469,0.3262774204176204,6,0.5026665125806931,0.5040614201550656,False,legal,True
query_37,云计算的未来趋势,doc_37_7,0.26539677894230485,0.103396162187263,7,0.5270730598446173,0.7667775320047452,False,legal,True
query_37,云计算的未来趋势,doc_37_1,0.23143188711743545,0.054326123414028205,1,0.9277727810517906,0.9985957328417365,False,legal,True
query_37,云计算的未来趋势,doc_37_3,0.10629454536895666,0.38873762344350593,3,0.803827695716545,0.7111034522429295,False,legal,True
query_38,量子计算的应用前景有哪些？,doc_38_10,0.9362700939675719,0.847195709695095,10,0.8528866926625631,0.25770101098179965,True,tech,False
query_38,量子计算的应用前景有哪些？,doc_38_9,0.9350879287319122,0.5804666189906155,9,0.540944461598375,0.6333045785193326,True,tech,False
query_38,量子计算的应用前景有哪些？,doc_38_3,0.8292129290280602,0.9272607323957223,3,0.7071224655286549,0.4095742694535517,False,tech,False
query_38,量子计算的应用前景有哪些？,doc_38_8,0.776300222072492,0.3768213220688773,8,0.4504421578354766,0.90008833435271,False,tech,False
query_38,量子计算的应用前景有哪些？,doc_38_5,0.6127394506338897,0.8722015803318597,5,0.8347594195475965,0.2500453940420927,False,tech,False
query_38,量子计算的应用前景有哪些？,doc_38_6,0.4989037386006132,0.1360606202932907,6,0.09540514607090089,0.9820225162989259,True,tech,False
query_38,量子计算的应用前景有哪些？,doc_38_4,0.2885333538300092,0.2862326003610235,4,0.38194594586302955,0.6292939188941065,False,tech,False
query_38,量子计算的应用前景有哪些？,doc_38_7,0.1346935630532894,0.5275199410147643,7,0.5305408483401425,0.11342910412821594,False,tech,False
query_38,量子计算的应用前景有哪些？,doc_38_2,0.062100138196986565,0.12609911725154743,2,0.32169938785518437,0.26108410116135683,False,tech,False
query_38,量子计算的应用前景有哪些？,doc_38_1,0.03305451713805052,0.3104387719604792,1,0.19171038689523,0.4145319888987369,False,tech,False
query_39,什么是人工智能的最新发展？,doc_39_7,0.9218042001429536,0.19907020784797302,7,0.33809862203717367,0.29738367355241035,True,tech,False
query_39,什么是人工智能的最新发展？,doc_39_6,0.6065932570302994,0.7607832332808454,6,0.12184729709835884,0.7706436971815572,False,tech,False
query_39,什么是人工智能的最新发展？,doc_39_3,0.4282871734388155,0.5858511927551489,3,0.830882541393796,0.9758518897645577,False,tech,False
query_39,什么是人工智能的最新发展？,doc_39_1,0.398798682670538,0.04662968572634374,1,0.6227513759729845,0.7806237614474792,False,tech,False
query_39,什么是人工智能的最新发展？,doc_39_8,0.27110916843375166,0.36510952617059034,8,0.4764886618434071,0.20734042652416274,False,tech,False
query_39,什么是人工智能的最新发展？,doc_39_2,0.26225892742486057,0.35169079319001983,2,0.6424938331569506,0.7653529843893092,False,tech,False
query_39,什么是人工智能的最新发展？,doc_39_9,0.1931784483383997,0.02721577969737199,9,0.648215119719936,0.9955451892418096,False,tech,False
query_39,什么是人工智能的最新发展？,doc_39_10,0.18229688074699013,0.09501372252464291,10,0.07731045191520047,0.9571266622010786,False,tech,False
query_39,什么是人工智能的最新发展？,doc_39_5,0.16951644490575846,0.19306791446302318,5,0.7787599106935996,0.2267900567759047,False,tech,False
query_39,什么是人工智能的最新发展？,doc_39_4,0.13570209191463367,0.7026961339664862,4,0.11798380043960865,0.8554809315597938,False,tech,False
query_40,什么是人工智能的最新发展？,doc_40_10,0.9347166899620243,0.8224918419350269,10,0.03148485137840484,0.9578898208665628,False,legal,True
query_40,什么是人工智能的最新发展？,doc_40_7,0.7591540208755645,0.08963127111096825,7,0.8480524625516589,0.982249962255986,False,legal,True
query_40,什么是人工智能的最新发展？,doc_40_1,0.7300960182953687,0.4158303187946847,1,0.9646430277612889,0.5588093680776127,False,legal,True
query_40,什么是人工智能的最新发展？,doc_40_9,0.7220056333907415,0.464613768214475,9,0.9615035967899616,0.4219516139627002,True,legal,True
query_40,什么是人工智能的最新发展？,doc_40_4,0.7122478519451626,0.8339884580539659,4,0.5129852212794935,0.27969361642642254,False,legal,True
query_40,什么是人工智能的最新发展？,doc_40_6,0.6968360656477274,0.2145011993677356,6,0.8734145005325827,0.3835985192955216,True,legal,True
query_40,什么是人工智能的最新发展？,doc_40_3,0.5357575784930779,0.2486383482059139,3,0.145277054740092,0.3422444328481099,False,legal,True
query_40,什么是人工智能的最新发展？,doc_40_5,0.11583675602777022,0.9533433136660665,5,0.701818410384896,0.9987868514271971,False,legal,True
query_40,什么是人工智能的最新发展？,doc_40_2,0.07602515996669523,0.22468748296948626,2,0.7011545689812362,0.3417119702677265,False,legal,True
query_40,什么是人工智能的最新发展？,doc_40_8,0.055174724193353675,0.11183276182708668,8,0.34770651676192776,0.2847471130528334,False,legal,True
query_41,如何提高机器学习模型的准确率？,doc_41_10,0.6860005274624039,0.5446049090275832,10,0.1332260265235654,0.5633819627764916,True,general,False
query_41,如何提高机器学习模型的准确率？,doc_41_9,0.6521904789696916,0.5416266853425563,9,0.8722673416571105,0.8637328489146427,True,general,False
query_41,如何提高机器学习模型的准确率？,doc_41_1,0.6006847913468887,0.37393665058413317,1,0.907138514376405,0.13052444513951855,False,general,False
query_41,如何提高机器学习模型的准确率？,doc_41_7,0.46575847014754357,0.3976957601201062,7,0.5953559461125396,0.5802364365251651,True,general,False
query_41,如何提高机器学习模型的准确率？,doc_41_4,0.44044206177330447,0.8346426463114395,4,0.36638504853547715,0.1873922377773215,False,general,False
query_41,如何提高机器学习模型的准确率？,doc_41_2,0.4092309674182596,0.9130405571047858,2,0.7899678300961129,0.5157643628605308,False,general,False
query_41,如何提高机器学习模型的准确率？,doc_41_3,0.3448881393456863,0.5187823363419605,3,0.8928436813373242,0.8167838949673409,False,general,False
query_41,如何提高机器学习模型的准确率？,doc_41_8,0.2841928196034458,0.82906210876461,8,0.6393604403352968,0.8512512619357121,False,general,False
query_41,如何提高机器学习模型的准确率？,doc_41_5,0.2806078690424404,0.40611441699710316,5,0.5306993496085871,0.33974232175800934,False,general,False
query_41,如何提高机器学习模型的准确率？,doc_41_6,0.02110891771741097,0.793745457083464,6,0.8598235813821344,0.05922449172752886,False,general,False
query_42,自动驾驶技术的发展现状,doc_42_9,0.9835936922074912,0.3619164716894141,9,0.26988112181089297,0.8939499472649248,True,general,False
query_42,自动驾驶技术的发展现状,doc_42_8,0.9359101800992345,0.2681472784027461,8,0.7521229184797099,0.4549333080991219,True,general,False
query_42,自动驾驶技术的发展现状,doc_42_6,0.8289530341882514,0.6238448632877133,6,0.5103716297193783,0.878638457802113,True,general,False
query_42,自动驾驶技术的发展现状,doc_42_4,0.7748353255636883,0.9805800121436494,4,0.7646444301693877,0.6962210451257869,False,general,False
query_42,自动驾驶技术的发展现状,doc_42_1,0.5773554088239966,0.40989447295599746,1,0.21490490943906004,0.037133507202185334,False,general,False
query_42,自动驾驶技术的发展现状,doc_42_2,0.4362429652953743,0.9909888931407049,2,0.19099692733430818,0.5702506765437678,False,general,False
query_42,自动驾驶技术的发展现状,doc_42_5,0.3100414442694368,0.40625215534080195,5,0.8758591871994962,0.262902126819351,False,general,False
query_42,自动驾驶技术的发展现状,doc_42_3,0.1432658562354019,0.4276068713651515,3,0.014494736764569582,0.34249541379178794,False,general,False
query_42,自动驾驶技术的发展现状,doc_42_7,0.09182840201508402,0.8593872329001006,7,0.4083646362018948,0.3540226363519313,False,general,False
query_42,自动驾驶技术的发展现状,doc_42_10,0.05249925982225778,0.5103846562182319,10,0.07194110112463148,0.05572293880131318,False,general,False
query_43,如何提高机器学习模型的准确率？,doc_43_9,0.9675565063080706,0.5213183757913666,9,0.6908598813594107,0.39941551729436486,True,general,False
query_43,如何提高机器学习模型的准确率？,doc_43_10,0.850760943641284,0.5986172847463903,10,0.7243985492563897,0.9956542105904873,True,general,False
query_43,如何提高机器学习模型的准确率？,doc_43_3,0.7582691856838171,0.23180338490506314,3,0.9934491385482842,0.1464535387578978,False,general,False
query_43,如何提高机器学习模型的准确率？,doc_43_1,0.7380128205647333,0.00318655108079946,1,0.7438366495731094,0.5772750635016275,False,general,False
query_43,如何提高机器学习模型的准确率？,doc_43_4,0.7378137577010948,0.4479605413096607,4,0.6356197701777963,0.3723425425472051,False,general,False
query_43,如何提高机器学习模型的准确率？,doc_43_5,0.6924414390338598,0.13867480721431968,5,0.6349948796885001,0.7801036911007353,False,general,False
query_43,如何提高机器学习模型的准确率？,doc_43_8,0.5259999022406476,0.8630109549104259,8,0.1260502282653443,0.9670704031333553,True,general,False
query_43,如何提高机器学习模型的准确率？,doc_43_7,0.19833885538072915,0.47205344755165024,7,0.5435664781476753,0.747894216743136,False,general,False
query_43,如何提高机器学习模型的准确率？,doc_43_2,0.16871647121707556,0.3459298255828457,2,0.5789673729735931,0.5995144158919743,False,general,False
query_43,如何提高机器学习模型的准确率？,doc_43_6,0.04973621187599109,0.5754696255280801,6,0.4326139341335107,0.5483004471719242,False,general,False
query_44,可持续发展的重要性是什么？,doc_44_3,0.9722182009915413,0.19313957779868585,3,0.9334018229794974,0.029302182753640604,False,tech,False
query_44,可持续发展的重要性是什么？,doc_44_10,0.7763899402332254,0.9410793706387238,10,0.5626700783334359,0.5206730424223691,True,tech,False
query_44,可持续发展的重要性是什么？,doc_44_7,0.5867422938776043,0.4396102679351327,7,0.815034949736641,0.8412405705721354,True,tech,False
query_44,可持续发展的重要性是什么？,doc_44_4,0.47812279278283276,0.759226739411387,4,0.689698374290053,0.8877072385964141,False,tech,False
query_44,可持续发展的重要性是什么？,doc_44_1,0.39677043108836474,0.9168808799758078,1,0.20801715027321777,0.9078292220228167,False,tech,False
query_44,可持续发展的重要性是什么？,doc_44_5,0.38112976143197685,0.32202599324557013,5,0.4968712521723404,0.8338389003136794,False,tech,False
query_44,可持续发展的重要性是什么？,doc_44_2,0.33128741750234925,0.4382361115402009,2,0.04024785814033416,0.5655418561712582,False,tech,False
query_44,可持续发展的重要性是什么？,doc_44_9,0.28548384142551775,0.18939469440672174,9,0.937434318606602,0.07470717227355805,False,tech,False
query_44,可持续发展的重要性是什么？,doc_44_6,0.14923679496183917,0.7384195677323447,6,0.3887058645897773,0.04750237876571384,False,tech,False
query_44,可持续发展的重要性是什么？,doc_44_8,0.029031234529562466,0.6807384071214818,8,0.2541667545056342,0.5447259317140122,False,tech,False
query_45,云计算的未来趋势,doc_45_6,0.9917645157099764,0.1447383774075771,6,0.07436831823157541,0.647193720376511,True,general,False
query_45,云计算的未来趋势,doc_45_2,0.888404132579464,0.9291060811290918,2,0.8552501849090648,0.9376740305862248,False,general,False
query_45,云计算的未来趋势,doc_45_7,0.6731922625964081,0.1729264403382459,7,0.11854971256359426,0.26897637531326124,True,general,False
query_45,云计算的未来趋势,doc_45_8,0.5211272527253462,0.7299251511764092,8,0.3051918311484899,0.24669168345301662,False,general,False
query_45,云计算的未来趋势,doc_45_1,0.48106980363329466,0.3584624831024724,1,0.5488506036018527,0.21833242138454856,False,general,False
query_45,云计算的未来趋势,doc_45_10,0.3113178937910852,0.11985623880759377,10,0.007037113778392001,0.09200063451821405,False,general,False
query_45,云计算的未来趋势,doc_45_4,0.15965367186343715,0.19661405824958922,4,0.781635220998324,0.7441282316375059,False,general,False
query_45,云计算的未来趋势,doc_45_5,0.14522393368376885,0.15643403357587493,5,0.2371777461356105,0.21589771281728853,False,general,False
query_45,云计算的未来趋势,doc_45_9,0.061465626774836246,0.7398553096335377,9,0.9614492597819436,0.6699768035525132,False,general,False
query_45,云计算的未来趋势,doc_45_3,0.017110518696246135,0.5343767504692188,3,0.12659631873084154,0.5448597412360829,False,general,False
query_46,5G技术对社会的影响,doc_46_7,0.9168139771496188,0.46482170617286855,7,0.9291416426367173,0.09283813125336338,False,finance,True
query_46,5G技术对社会的影响,doc_46_5,0.8758352419944488,0.38094243500445135,5,0.9539168621711291,0.6820284553517074,False,finance,True
query_46,5G技术对社会的影响,doc_46_6,0.4671345907402714,0.718181189466948,6,0.25135442732618984,0.3442601827093126,False,finance,True
query_46,5G技术对社会的影响,doc_46_9,0.46561539370955085,0.3228375726085435,9,0.5263352482939438,0.28013002435677703,True,finance,True
query_46,5G技术对社会的影响,doc_46_1,0.4121864081760028,0.9943633526860912,1,0.40622611683741017,0.12314224257173967,False,finance,True
query_46,5G技术对社会的影响,doc_46_3,0.352457033895467,0.3254994057706284,3,0.6473791573187307,0.16234797256364286,False,finance,True
query_46,5G技术对社会的影响,doc_46_10,0.30462729032612035,0.6652808869808986,10,0.566593834792437,0.3247338179862169,False,finance,True
query_46,5G技术对社会的影响,doc_46_2,0.2846938469952339,0.23468949445906861,2,0.7695917903891929,0.7833807872607981,False,finance,True
query_46,5G技术对社会的影响,doc_46_8,0.21399090615213645,0.8848701395855454,8,0.8763945472869149,0.45145724740668414,False,finance,True
query_46,5G技术对社会的影响,doc_46_4,0.012325319462270556,0.7228539992533062,4,0.221176147604924,0.2889188323906695,False,finance,True
query_47,如何预防网络安全攻击？,doc_47_4,0.8741623568257085,0.9549333340726315,4,0.5816830495236034,0.5789881377856037,False,legal,True
query_47,如何预防网络安全攻击？,doc_47_10,0.8720241796064182,0.12435385100130714,10,0.7622450352306445,0.7244433478770446,True,legal,True
query_47,如何预防网络安全攻击？,doc_47_3,0.7851748410373185,0.14786995789475366,3,0.21631922750103583,0.9455502985962552,False,legal,True
query_47,如何预防网络安全攻击？,doc_47_6,0.7684445362433623,0.34691394059041447,6,0.9449831211317877,0.4725710644458361,False,legal,True
query_47,如何预防网络安全攻击？,doc_47_8,0.688761712865573,0.8926409782819941,8,0.2786632182189992,0.3143019566752201,False,legal,True
query_47,如何预防网络安全攻击？,doc_47_1,0.548131462490305,0.49009808323810855,1,0.8994145162027951,0.04106103175779874,False,legal,True
query_47,如何预防网络安全攻击？,doc_47_5,0.4016175671934763,0.3789288531648147,5,0.1384129741816914,0.8747297063844395,False,legal,True
query_47,如何预防网络安全攻击？,doc_47_9,0.24317213378711589,0.6419111514466168,9,0.7355647885101801,0.11784854756171492,False,legal,True
query_47,如何预防网络安全攻击？,doc_47_2,0.020514735900701075,0.3093802770022983,2,0.5282419579005827,0.19822055761665747,False,legal,True
query_47,如何预防网络安全攻击？,doc_47_7,0.0027725121326557245,0.026058857381239142,7,0.2843183311409043,0.019337969587379322,False,legal,True
query_48,如何提高机器学习模型的准确率？,doc_48_2,0.9323394972694405,0.35936802880698526,2,0.043937881381551414,0.8032125967689958,False,finance,True
query_48,如何提高机器学习模型的准确率？,doc_48_3,0.8937609575484633,0.2584470196071075,3,0.21353655309599606,0.7245849433242814,False,finance,True
query_48,如何提高机器学习模型的准确率？,doc_48_9,0.8006685566757149,0.15785616525643165,9,0.8604978729716538,0.2134111561349149,False,finance,True
query_48,如何提高机器学习模型的准确率？,doc_48_4,0.7285370167345211,0.45961545626218725,4,0.670160852073614,0.39739272272827697,False,finance,True
query_48,如何提高机器学习模型的准确率？,doc_48_5,0.5231087950942032,0.13084221777639815,5,0.19951286591274975,0.054527116984952606,False,finance,True
query_48,如何提高机器学习模型的准确率？,doc_48_10,0.5012074539381458,0.05086373786854759,10,0.14021627212254828,0.8636965962868982,True,finance,True
query_48,如何提高机器学习模型的准确率？,doc_48_7,0.4507693258322425,0.24068107946811013,7,0.9344340311717347,0.8001612613919155,False,finance,True
query_48,如何提高机器学习模型的准确率？,doc_48_6,0.11479353665354064,0.026293392791809977,6,0.6394648408577757,0.13673909645092852,False,finance,True
query_48,如何提高机器学习模型的准确率？,doc_48_1,0.10790739617711809,0.28235153455755,1,0.025081954352696334,0.943359784762243,False,finance,True
query_48,如何提高机器学习模型的准确率？,doc_48_8,0.03846725719510291,0.6581172848641691,8,0.8096588312146175,0.690638761567878,False,finance,True
query_49,如何预防网络安全攻击？,doc_49_8,0.9604046310644319,0.6055922827094552,8,0.2938820782824918,0.3585461732212002,False,legal,True
query_49,如何预防网络安全攻击？,doc_49_4,0.9308248110777443,0.11262504628397274,4,0.5512303643629337,0.7565983041377948,False,legal,True
query_49,如何预防网络安全攻击？,doc_49_10,0.8456950322674555,0.7975986468320297,10,0.4398115696137609,0.4230153355725432,True,legal,True
query_49,如何预防网络安全攻击？,doc_49_9,0.5381269562351345,0.2011987055800556,9,0.21793397550064353,0.575980294178385,True,legal,True
query_49,如何预防网络安全攻击？,doc_49_6,0.4784828246377536,0.7975592086004122,6,0.5887332143378478,0.7604629612565132,True,legal,True
query_49,如何预防网络安全攻击？,doc_49_7,0.4660144111413772,0.9237998376862848,7,0.12488363269581704,0.11925752598504435,True,legal,True
query_49,如何预防网络安全攻击？,doc_49_3,0.3439628101696005,0.8850308601374941,3,0.04350694222598228,0.857598872401153,False,legal,True
query_49,如何预防网络安全攻击？,doc_49_1,0.31207635988376237,0.05190631769468945,1,0.09102005256690293,0.7397349364359608,False,legal,True
query_49,如何预防网络安全攻击？,doc_49_2,0.1910670614298895,0.5366130185928701,2,0.11700527799896798,0.5814830811155963,False,legal,True
query_49,如何预防网络安全攻击？,doc_49_5,0.18926336059225013,0.40107258984759764,5,0.30403244825822795,0.35326685604911867,False,legal,True
query_50,可持续发展的重要性是什么？,doc_50_10,0.9927707020325983,0.6057471982515035,10,0.9022795107956847,0.06891410669748455,False,medical,True
query_50,可持续发展的重要性是什么？,doc_50_3,0.928213227620224,0.7253604612288829,3,0.7034679752209698,0.8787086498111192,False,medical,True
query_50,可持续发展的重要性是什么？,doc_50_8,0.9006674274158534,0.6175434788420598,8,0.7476771699835495,0.20337594022537786,True,medical,True
query_50,可持续发展的重要性是什么？,doc_50_6,0.6243329474748442,0.9108381885649087,6,0.6469603332098457,0.5460288446622606,True,medical,True
query_50,可持续发展的重要性是什么？,doc_50_5,0.6083543197860296,0.22912564646223865,5,0.7675708721816782,0.4258764786173894,False,medical,True
query_50,可持续发展的重要性是什么？,doc_50_4,0.5315847080270037,0.6189121971810826,4,0.357892585017791,0.4468096881543747,False,medical,True
query_50,可持续发展的重要性是什么？,doc_50_1,0.4228457399255099,0.18328277316271624,1,0.494867421504566,0.5460984888436712,False,medical,True
query_50,可持续发展的重要性是什么？,doc_50_2,0.2704663466111509,0.7461777445780178,2,0.8148370354101852,0.02927921809986478,False,medical,True
query_50,可持续发展的重要性是什么？,doc_50_7,0.19112287860829913,0.5874945490524518,7,0.17733066059874736,0.24024380212766017,False,medical,True
query_50,可持续发展的重要性是什么？,doc_50_9,0.13833744410267967,0.4092598343456191,9,0.9158013290009308,0.7791585261079687,False,medical,True
