任务,分块大小,重叠大小,重叠率,Top-K,窗口大小,F1,nDCG,存储开销,延迟(ms),表格保留率,图像保留率,加权得分
法律文档,128,0,0.0,3,0,0.6583378536808352,0.5316724339892016,1.0,57.28,0.3896,0.25120000000000003,0.6159849592050731
法律文档,128,0,0.0,3,256,0.723503019835653,0.5961901823944057,1.0,82.88,0.3896,0.45600000000000007,0.6739710787042184
法律文档,128,0,0.0,3,512,0.6715644039543941,0.577019053300845,1.0,108.48,0.3896,0.6608,0.6623571624262444
法律文档,128,0,0.0,5,0,0.6787545856493516,0.5443034204550935,1.0,61.28,0.3896,0.25120000000000003,0.6271659483845038
法律文档,128,0,0.0,5,256,0.737621542581089,0.6574161430873966,1.0,86.88,0.3896,0.45600000000000007,0.6899041233329062
法律文档,128,0,0.0,5,512,0.7286164546451449,0.7288395210548796,1.0,112.48,0.3896,0.6608,0.7133934215984503
法律文档,128,0,0.0,10,0,0.6938159817150606,0.6787567358448977,1.0,71.28,0.3896,0.25120000000000003,0.6543079489584128
法律文档,128,0,0.0,10,256,0.7077255983989738,0.6240580714396005,1.0,96.88,0.3896,0.45600000000000007,0.6686167786618435
法律文档,128,0,0.0,10,512,0.732192768515745,0.6587206506066129,1.0,122.48,0.3896,0.6608,0.7022910329846157
法律文档,128,12,0.09375,3,0,0.6729168688881578,0.660159696243924,1.09375,57.28,0.3896,0.25120000000000003,0.6360408484653435
法律文档,128,12,0.09375,3,256,0.7434061468115579,0.722724869420065,1.09375,82.88,0.3896,0.45600000000000007,0.6962701295767582
法律文档,128,12,0.09375,3,512,0.6977776300912085,0.5646421528537744,1.09375,108.48,0.3896,0.6608,0.6654592069003842
法律文档,128,12,0.09375,5,0,0.6968333158370421,0.6204022288293293,1.09375,61.28,0.3896,0.25120000000000003,0.640519548214473
法律文档,128,12,0.09375,5,256,0.7101440682385651,0.6174407561296488,1.09375,86.88,0.3896,0.45600000000000007,0.6628188737352552
法律文档,128,12,0.09375,5,512,0.7182152885571058,0.6184363826771413,1.09375,112.48,0.3896,0.6608,0.6832363597357534
法律文档,128,12,0.09375,10,0,0.6646931496809205,0.6572437280853545,1.09375,71.28,0.3896,0.25120000000000003,0.6293869083404987
法律文档,128,12,0.09375,10,256,0.7678814846742867,0.7201280567592568,1.09375,96.88,0.3896,0.45600000000000007,0.7053628017251388
法律文档,128,12,0.09375,10,512,0.7490168240014754,0.7066075252829394,1.09375,122.48,0.3896,0.6608,0.7105284795659785
法律文档,128,25,0.1953125,3,0,0.6764925431531146,0.7319572200267077,1.1953125,57.28,0.3896,0.25120000000000003,0.6411197759177683
法律文档,128,25,0.1953125,3,256,0.7540267911340515,0.7773251468745945,1.1953125,82.88,0.3896,0.45600000000000007,0.7019790832442798
法律文档,128,25,0.1953125,3,512,0.7450197687778713,0.7038916210462223,1.1953125,108.48,0.3896,0.6608,0.7022903483807739
法律文档,128,25,0.1953125,5,0,0.660654237791832,0.714343113486389,1.1953125,61.28,0.3896,0.25120000000000003,0.6300591322979017
法律文档,128,25,0.1953125,5,256,0.7621662092009245,0.7991228564203385,1.1953125,86.88,0.3896,0.45600000000000007,0.7087336374436979
法律文档,128,25,0.1953125,5,512,0.7554356990071014,0.6300268521056338,1.1953125,112.48,0.3896,0.6608,0.6948316318603102
法律文档,128,25,0.1953125,10,0,0.6987368532719341,0.6013491237059637,1.1953125,71.28,0.3896,0.25120000000000003,0.6286597493634827
法律文档,128,25,0.1953125,10,256,0.7830575382595346,0.7564216421355184,1.1953125,96.88,0.3896,0.45600000000000007,0.7103292811062596
法律文档,128,25,0.1953125,10,512,0.7436337105887283,0.7125687121624293,1.1953125,122.48,0.3896,0.6608,0.7007733750285784
法律文档,128,38,0.296875,3,0,0.6685525028020314,0.7159260048428507,1.296875,57.28,0.3896,0.25120000000000003,0.6266185621198312
法律文档,128,38,0.296875,3,256,0.7176702042155885,0.6005985331174758,1.296875,82.88,0.3896,0.45600000000000007,0.6481266633222786
法律文档,128,38,0.296875,3,512,0.7532658156393608,0.6406946353838642,1.296875,108.48,0.3896,0.6608,0.6880119331683116
法律文档,128,38,0.296875,5,0,0.708777059216273,0.7016945568316787,1.296875,61.28,0.3896,0.25120000000000003,0.6430093175168797
法律文档,128,38,0.296875,5,256,0.7667328604298494,0.6631175551279368,1.296875,86.88,0.3896,0.45600000000000007,0.6810397818267977
法律文档,128,38,0.296875,5,512,0.730020895121608,0.768669835952489,1.296875,112.48,0.3896,0.6608,0.6966904034107702
法律文档,128,38,0.296875,10,0,0.7388523999646445,0.758287436987706,1.296875,71.28,0.3896,0.25120000000000003,0.6649003419010624
法律文档,128,38,0.296875,10,256,0.7580339193869241,0.6491765953493757,1.296875,96.88,0.3896,0.45600000000000007,0.6730337365616237
法律文档,128,38,0.296875,10,512,0.7448076353502101,0.752660228669882,1.296875,122.48,0.3896,0.6608,0.699626501555282
法律文档,256,0,0.0,3,0,0.7813183451776993,0.7687363312014247,1.0,58.56,0.47919999999999996,0.3024,0.7268210186775237
法律文档,256,0,0.0,3,256,0.8305039578558188,0.8139982783604678,1.0,84.16,0.47919999999999996,0.5072,0.774056024308468
法律文档,256,0,0.0,3,512,0.8074182094497313,0.8380903482146751,1.0,109.76,0.47919999999999996,0.712,0.7832135962502191
法律文档,256,0,0.0,5,0,0.7723009919487378,0.6418181163484151,1.0,62.56,0.47919999999999996,0.3024,0.7015457747511405
法律文档,256,0,0.0,5,256,0.8333422531688344,0.7834082603933126,1.0,88.16,0.47919999999999996,0.5072,0.7698840031839704
法律文档,256,0,0.0,5,512,0.8225099154056328,0.7371651016827572,1.0,113.76,0.47919999999999996,0.712,0.7736695756639449
法律文档,256,0,0.0,10,0,0.7764042887294704,0.7127805355072936,1.0,72.56,0.47919999999999996,0.3024,0.7132693442713128
法律文档,256,0,0.0,10,256,0.837963726744905,0.857022856994666,1.0,98.16,0.47919999999999996,0.5072,0.7822806459567011
法律文档,256,0,0.0,10,512,0.8720763991382694,0.8383691043280898,1.0,123.76,0.47919999999999996,0.712,0.8120541282788637
法律文档,256,25,0.09765625,3,0,0.8116469313802899,0.7091932955442275,1.09765625,58.56,0.47919999999999996,0.3024,0.7240393543496156
法律文档,256,25,0.09765625,3,256,0.8190428419359274,0.7658790017257051,1.09765625,84.16,0.47919999999999996,0.5072,0.753043104405358
法律文档,256,25,0.09765625,3,512,0.850674960806467,0.7333367489712556,1.09765625,109.76,0.47919999999999996,0.712,0.7794037610225051
法律文档,256,25,0.09765625,5,0,0.7982517421025055,0.6939374384764547,1.09765625,62.56,0.47919999999999996,0.3024,0.7145287263654354
法律文档,256,25,0.09765625,5,256,0.8673110502495578,0.8041849244249246,1.09765625,88.16,0.47919999999999996,0.5072,0.7817007920277756
法律文档,256,25,0.09765625,5,512,0.8770729100422756,0.8107763858749251,1.09765625,113.76,0.47919999999999996,0.712,0.8038251185602804
法律文档,256,25,0.09765625,10,0,0.805195640355689,0.8239528100330693,1.09765625,72.56,0.47919999999999996,0.3024,0.7370642569760218
法律文档,256,25,0.09765625,10,256,0.8516719237132565,0.7018962633049624,1.09765625,98.16,0.47919999999999996,0.5072,0.7562278255111572
法律文档,256,25,0.09765625,10,512,0.8459733396598133,0.8627548748665855,1.09765625,123.76,0.47919999999999996,0.712,0.7956138830153641
法律文档,256,51,0.19921875,3,0,0.7793422399872536,0.7707866863408194,1.19921875,58.56,0.47919999999999996,0.3024,0.7102630450084129
法律文档,256,51,0.19921875,3,256,0.8765000172678257,0.754561155733155,1.19921875,84.16,0.47919999999999996,0.5072,0.7706866932058611
法律文档,256,51,0.19921875,3,512,0.8412010813261022,0.8362781861802676,1.19921875,109.76,0.47919999999999996,0.712,0.7832019288253719
法律文档,256,51,0.19921875,5,0,0.7894914368307692,0.6702191071301572,1.19921875,62.56,0.47919999999999996,0.3024,0.6984038468195943
法律文档,256,51,0.19921875,5,256,0.8765604750651398,0.7811840569241241,1.19921875,88.16,0.47919999999999996,0.5072,0.774335377139127
法律文档,256,51,0.19921875,5,512,0.8962956074100158,0.7527500491625054,1.19921875,113.76,0.47919999999999996,0.712,0.7956427994228085
法律文档,256,51,0.19921875,10,0,0.8456472179990432,0.7392532372382328,1.19921875,72.56,0.47919999999999996,0.3024,0.7348040825976581
法律文档,256,51,0.19921875,10,256,0.867217864728196,0.8355313485493909,1.19921875,98.16,0.47919999999999996,0.5072,0.7769464908374366
法律文档,256,51,0.19921875,10,512,0.8964515190302496,0.8512869161107997,1.19921875,123.76,0.47919999999999996,0.712,0.8098835357122477
法律文档,256,76,0.296875,3,0,0.8016509344768638,0.8109238034827582,1.296875,58.56,0.47919999999999996,0.3024,0.719580657106136
法律文档,256,76,0.296875,3,256,0.8569600189968257,0.7446990557026499,1.296875,84.16,0.47919999999999996,0.5072,0.7519170580309005
法律文档,256,76,0.296875,3,512,0.8869843285173171,0.8326904460041299,1.296875,109.76,0.47919999999999996,0.712,0.7967913490489731
法律文档,256,76,0.296875,5,0,0.8188257972480721,0.7710575940375942,1.296875,62.56,0.47919999999999996,0.3024,0.7208059977250897
法律文档,256,76,0.296875,5,256,0.8714236794032416,0.8773751086882442,1.296875,88.16,0.47919999999999996,0.5072,0.779447783503675
法律文档,256,76,0.296875,5,512,0.8810089595946298,0.771844818757664,1.296875,113.76,0.47919999999999996,0.712,0.7835478716066485
法律文档,256,76,0.296875,10,0,0.8188432478234755,0.6599596758041457,1.296875,72.56,0.47919999999999996,0.3024,0.7014387070839316
法律文档,256,76,0.296875,10,256,0.8817619125197441,0.8313626061633381,1.296875,98.16,0.47919999999999996,0.5072,0.7754481349956113
法律文档,256,76,0.296875,10,512,0.896258932526588,0.7181161096488767,1.296875,123.76,0.47919999999999996,0.712,0.7806712651565826
法律文档,512,0,0.0,3,0,0.9525254466757541,0.9536135657965114,1.0,61.12,0.6584,0.40480000000000005,0.8663311849318038
法律文档,512,0,0.0,3,256,0.9773877095282103,0.9421934879670212,1.0,86.72,0.6584,0.6096,0.8928218586482644
法律文档,512,0,0.0,3,512,0.98,0.9065304645523526,1.0,112.32,0.6584,0.8144,0.9047536743283764
法律文档,512,0,0.0,5,0,0.98,0.932731088431917,1.0,65.12,0.6584,0.40480000000000005,0.8755377741491068
法律文档,512,0,0.0,5,256,0.98,0.8882599625655965,1.0,90.72,0.6584,0.6096,0.8848063940104955
法律文档,512,0,0.0,5,512,0.9663029064249311,0.8369842388236974,1.0,116.32000000000001,0.6584,0.8144,0.8864116732957585
法律文档,512,0,0.0,10,0,0.98,0.7968457701427757,1.0,75.12,0.6584,0.40480000000000005,0.8521961232228441
法律文档,512,0,0.0,10,256,0.9752086110664056,0.9611345845211599,1.0,100.72,0.6584,0.6096,0.8925664668352603
法律文档,512,0,0.0,10,512,0.9728228617356627,0.7794375061053288,1.0,126.32000000000001,0.6584,0.8144,0.8787337746099707
法律文档,512,51,0.099609375,3,0,0.9751412769577893,0.9296161553618417,1.099609375,61.12,0.6584,0.40480000000000005,0.8653784477976336
法律文档,512,51,0.099609375,3,256,0.9761501585627982,0.7867250908395816,1.099609375,86.72,0.6584,0.6096,0.8593841406444763
法律文档,512,51,0.099609375,3,512,0.9780434089539386,0.807960286619383,1.099609375,112.32,0.6584,0.8144,0.8800745321569919
法律文档,512,51,0.099609375,5,0,0.9516261227804187,0.8898508278262022,1.099609375,65.12,0.6584,0.40480000000000005,0.8470887213867935
法律文档,512,51,0.099609375,5,256,0.9626996170526889,0.8355288546184129,1.099609375,90.72,0.6584,0.6096,0.8600964829242369
法律文档,512,51,0.099609375,5,512,0.9651362919069428,0.7884902800778828,1.099609375,116.32000000000001,0.6584,0.8144,0.8701239149277938
法律文档,512,51,0.099609375,10,0,0.98,0.940246609922179,1.099609375,75.12,0.6584,0.40480000000000005,0.8671715075875486
法律文档,512,51,0.099609375,10,256,0.95122280103922,0.7914547099883341,1.099609375,100.72,0.6584,0.6096,0.8459357480969592
法律文档,512,51,0.099609375,10,512,0.98,0.9373796196712482,1.099609375,126.32000000000001,0.6584,0.8144,0.8994807891473997
法律文档,512,102,0.19921875,3,0,0.98,0.9769441546068176,1.19921875,61.12,0.6584,0.40480000000000005,0.8673143647370909
法律文档,512,102,0.19921875,3,256,0.98,0.8633308883033255,1.19921875,86.72,0.6584,0.6096,0.8655202421285322
法律文档,512,102,0.19921875,3,512,0.9561140783267585,0.9193874396516517,1.19921875,112.32,0.6584,0.8144,0.8794080479411084
法律文档,512,102,0.19921875,5,0,0.98,0.8534407530616899,1.19921875,65.12,0.6584,0.40480000000000005,0.8469138204898703
法律文档,512,102,0.19921875,5,256,0.98,0.9484661836180117,1.19921875,90.72,0.6584,0.6096,0.878501889378882
法律文档,512,102,0.19921875,5,512,0.98,0.8710974290015354,1.19921875,116.32000000000001,0.6584,0.8144,0.8825068886402457
法律文档,512,102,0.19921875,10,0,0.98,0.8806995007766393,1.19921875,75.12,0.6584,0.40480000000000005,0.8496752201242623
法律文档,512,102,0.19921875,10,256,0.98,0.8013325796111349,1.19921875,100.72,0.6584,0.6096,0.8533605127377817
法律文档,512,102,0.19921875,10,512,0.9727393582476959,0.7839314861521747,1.19921875,126.32000000000001,0.6584,0.8144,0.863475229743242
法律文档,512,153,0.298828125,3,0,0.970420330589857,0.9524002604235308,1.298828125,61.12,0.6584,0.40480000000000005,0.8508203503508962
法律文档,512,153,0.298828125,3,256,0.9551367777174813,0.9081243549948239,1.298828125,86.72,0.6584,0.6096,0.8527841001035629
法律文档,512,153,0.298828125,3,512,0.9794492801047151,0.9421459977102355,1.298828125,112.32,0.6584,0.8144,0.8862815640839009
法律文档,512,153,0.298828125,5,0,0.98,0.878652097751905,1.298828125,65.12,0.6584,0.40480000000000005,0.8429788856403049
法律文档,512,153,0.298828125,5,256,0.98,0.8381832853952393,1.298828125,90.72,0.6584,0.6096,0.8528878756632383
法律文档,512,153,0.298828125,5,512,0.98,0.9364379218968206,1.298828125,116.32000000000001,0.6584,0.8144,0.8849926175034912
法律文档,512,153,0.298828125,10,0,0.98,0.8889273738217216,1.298828125,75.12,0.6584,0.40480000000000005,0.8430229298114755
法律文档,512,153,0.298828125,10,256,0.9607664926211242,0.7714428675481122,1.298828125,100.72,0.6584,0.6096,0.8313773252658376
法律文档,512,153,0.298828125,10,512,0.98,0.8092558985916818,1.298828125,126.32000000000001,0.6584,0.8144,0.863043493774669
法律文档,768,0,0.0,3,0,0.9701360624691928,0.8642026096025563,1.0,63.68,0.8375999999999999,0.5072000000000001,0.8882289275216216
法律文档,768,0,0.0,3,256,0.98,0.864141488450388,1.0,89.28,0.8375999999999999,0.7120000000000001,0.909337838152062
法律文档,768,0,0.0,3,512,0.98,0.8447671023684455,1.0,114.88,0.8375999999999999,0.9168000000000001,0.9226219363789513
法律文档,768,0,0.0,5,0,0.98,0.829137427413007,1.0,67.68,0.8375999999999999,0.5072000000000001,0.8867131883860812
法律文档,768,0,0.0,5,256,0.98,0.8450760488638721,1.0,93.28,0.8375999999999999,0.7120000000000001,0.9056473678182195
法律文档,768,0,0.0,5,512,0.962467274349413,0.8121788585406091,1.0,118.88000000000001,0.8375999999999999,0.9168000000000001,0.9083521090542158
法律文档,768,0,0.0,10,0,0.9501605433561732,0.8502291756084791,1.0,77.68,0.8375999999999999,0.5072000000000001,0.8741649289083198
法律文档,768,0,0.0,10,256,0.98,0.8748062652814087,1.0,103.28,0.8375999999999999,0.7120000000000001,0.9088042024450254
法律文档,768,0,0.0,10,512,0.98,0.9707336916891027,1.0,128.88,0.8375999999999999,0.9168000000000001,0.9405365906702565
法律文档,768,76,0.09895833333333333,3,0,0.98,0.7982819673711629,1.0989583333333333,63.68,0.8375999999999999,0.5072000000000001,0.8744996481127194
法律文档,768,76,0.09895833333333333,3,256,0.9673166352983504,0.7987240398736221,1.0989583333333333,89.28,0.8375999999999999,0.7120000000000001,0.8848663646563211
法律文档,768,76,0.09895833333333333,3,512,0.9796277131607051,0.7997905409084243,1.0989583333333333,114.88,0.8375999999999999,0.9168000000000001,0.9073303221958198
法律文档,768,76,0.09895833333333333,5,0,0.9554796131978591,0.9567659109968547,1.0989583333333333,67.68,0.8375999999999999,0.5072000000000001,0.8874472934278025
法律文档,768,76,0.09895833333333333,5,256,0.98,0.8379022051934109,1.0989583333333333,93.28,0.8375999999999999,0.7120000000000001,0.8965828861642791
法律文档,768,76,0.09895833333333333,5,512,0.98,0.8202978294446253,1.0989583333333333,118.88000000000001,0.8375999999999999,0.9168000000000001,0.9101501860444735
法律文档,768,76,0.09895833333333333,10,0,0.970877663377679,0.8433638094351616,1.0989583333333333,77.68,0.8375999999999999,0.5072000000000001,0.8750940212642452
法律文档,768,76,0.09895833333333333,10,256,0.9672930677216873,0.962873162089992,1.0989583333333333,103.28,0.8375999999999999,0.7120000000000001,0.908878911774142
法律文档,768,76,0.09895833333333333,10,512,0.9693964271765597,0.9695540871029633,1.0989583333333333,128.88,0.8375999999999999,0.9168000000000001,0.9273414723145561
法律文档,768,153,0.19921875,3,0,0.98,0.8666495141598644,1.19921875,63.68,0.8375999999999999,0.5072000000000001,0.8774176222655784
法律文档,768,153,0.19921875,3,256,0.98,0.8247116476700548,1.19921875,89.28,0.8375999999999999,0.7120000000000001,0.8870915636272088
法律文档,768,153,0.19921875,3,512,0.9572855650017572,0.9604578151657447,1.19921875,114.88,0.8375999999999999,0.9168000000000001,0.9142920216273627
法律文档,768,153,0.19921875,5,0,0.98,0.8026418402563046,1.19921875,67.68,0.8375999999999999,0.5072000000000001,0.8665363944410088
法律文档,768,153,0.19921875,5,256,0.98,0.8836751009414391,1.19921875,93.28,0.8375999999999999,0.7120000000000001,0.8958857161506302
法律文档,768,153,0.19921875,5,512,0.98,0.8327461812150277,1.19921875,118.88000000000001,0.8375999999999999,0.9168000000000001,0.9041210889944046
法律文档,768,153,0.19921875,10,0,0.98,0.9568053868857177,1.19921875,77.68,0.8375999999999999,0.5072000000000001,0.8896025619017149
法律文档,768,153,0.19921875,10,256,0.98,0.9481098946371157,1.19921875,103.28,0.8375999999999999,0.7120000000000001,0.9045952831419385
法律文档,768,153,0.19921875,10,512,0.979378420799342,0.8132218203160315,1.19921875,128.88,0.8375999999999999,0.9168000000000001,0.8990988332342492
法律文档,768,230,0.2994791666666667,3,0,0.97732067701199,0.8462120116553995,1.2994791666666667,63.68,0.8375999999999999,0.5072000000000001,0.8648407134972859
法律文档,768,230,0.2994791666666667,3,256,0.98,0.7927294598194604,1.2994791666666667,89.28,0.8375999999999999,0.7120000000000001,0.8739535802377804
法律文档,768,230,0.2994791666666667,3,512,0.98,0.9481495103419111,1.2994791666666667,114.88,0.8375999999999999,0.9168000000000001,0.9152047883213725
法律文档,768,230,0.2994791666666667,5,0,0.98,0.9579400626724431,1.2994791666666667,67.68,0.8375999999999999,0.5072000000000001,0.8833632766942576
法律文档,768,230,0.2994791666666667,5,256,0.98,0.8659957239492729,1.2994791666666667,93.28,0.8375999999999999,0.7120000000000001,0.8850361824985503
法律文档,768,230,0.2994791666666667,5,512,0.9703136740430859,0.9147918589518451,1.2994791666666667,118.88000000000001,0.8375999999999999,0.9168000000000001,0.9045781276396432
法律文档,768,230,0.2994791666666667,10,0,0.9728005638513593,0.8415726818677673,1.2994791666666667,77.68,0.8375999999999999,0.5072000000000001,0.8596887664141619
法律文档,768,230,0.2994791666666667,10,256,0.9541052448308931,0.8895163992356426,1.2994791666666667,103.28,0.8375999999999999,0.7120000000000001,0.8747700080631982
法律文档,768,230,0.2994791666666667,10,512,0.9559065875829919,0.8914748358225518,1.2994791666666667,128.88,0.8375999999999999,0.9168000000000001,0.8923320024381111
法律文档,1024,0,0.0,3,0,0.944731703893995,0.9150140561476384,1.0,66.24000000000001,0.95,0.6096,0.9052350668527397
法律文档,1024,0,0.0,3,256,0.98,0.9425038947761907,1.0,91.84,0.95,0.8144,0.9429462231641905
法律文档,1024,0,0.0,3,512,0.9644497875113788,0.954125633213814,1.0,117.44000000000001,0.95,0.95,0.946805599319672
法律文档,1024,0,0.0,5,0,0.9505638458872923,0.9213776921048631,1.0,70.24000000000001,0.95,0.6096,0.9084126767626785
法律文档,1024,0,0.0,5,256,0.9707339374665849,0.8941014909985523,1.0,95.84,0.95,0.8144,0.9301141285437292
法律文档,1024,0,0.0,5,512,0.9619530199465335,0.846501065750696,1.0,121.44000000000001,0.95,0.95,0.9277472200944474
法律文档,1024,0,0.0,10,0,0.98,0.8430461507766539,1.0,80.24000000000001,0.95,0.6096,0.9084089841242646
法律文档,1024,0,0.0,10,256,0.98,0.9329337682330651,1.0,105.84,0.95,0.8144,0.9391750029172905
法律文档,1024,0,0.0,10,512,0.9671716490875516,0.9335093431715611,1.0,131.44,0.95,0.95,0.9425734864694746
法律文档,1024,102,0.099609375,3,0,0.98,0.9281856753341419,1.099609375,66.24000000000001,0.95,0.6096,0.9163025580534626
法律文档,1024,102,0.099609375,3,256,0.98,0.8457865767905273,1.099609375,91.84,0.95,0.8144,0.9195027022864846
法律文档,1024,102,0.099609375,3,512,0.9677066270977494,0.9236614746658738,1.099609375,117.44000000000001,0.95,0.95,0.9355258669534596
法律文档,1024,102,0.099609375,5,0,0.98,0.9666973948963394,1.099609375,70.24000000000001,0.95,0.6096,0.9218244331834143
法律文档,1024,102,0.099609375,5,256,0.98,0.9333118701434091,1.099609375,95.84,0.95,0.8144,0.9328667492229455
法律文档,1024,102,0.099609375,5,512,0.98,0.9560281193797644,1.099609375,121.44000000000001,0.95,0.95,0.9459653491007622
法律文档,1024,102,0.099609375,10,0,0.9719465029643339,0.9356935960892547,1.099609375,80.24000000000001,0.95,0.6096,0.9113981467971611
法律文档,1024,102,0.099609375,10,256,0.98,0.9009120183304332,1.099609375,105.84,0.95,0.8144,0.9260827729328694
法律文档,1024,102,0.099609375,10,512,0.9515014789787889,0.9380481522260017,1.099609375,131.44,0.95,0.95,0.927809264265979
法律文档,1024,204,0.19921875,3,0,0.98,0.9658775276855784,1.19921875,66.24000000000001,0.95,0.6096,0.9143645044296925
法律文档,1024,204,0.19921875,3,256,0.9682618750613603,0.8731344238447294,1.19921875,91.84,0.95,0.8144,0.9102753078446097
法律文档,1024,204,0.19921875,3,512,0.98,0.9326280243046343,1.19921875,117.44000000000001,0.95,0.95,0.9348925838887414
法律文档,1024,204,0.19921875,5,0,0.9748930716462084,0.7997187842590724,1.19921875,70.24000000000001,0.95,0.6096,0.8846877798716317
法律文档,1024,204,0.19921875,5,256,0.9722317975240661,0.8664620552313933,1.19921875,95.84,0.95,0.8144,0.9104732916485748
法律文档,1024,204,0.19921875,5,512,0.98,0.9795685058904093,1.19921875,121.44000000000001,0.95,0.95,0.9417630609424656
法律文档,1024,204,0.19921875,10,0,0.98,0.8749434737141035,1.19921875,80.24000000000001,0.95,0.6096,0.8975750557942567
法律文档,1024,204,0.19921875,10,256,0.98,0.8327137794328048,1.19921875,105.84,0.95,0.8144,0.9072023047092489
法律文档,1024,204,0.19921875,10,512,0.9624294422207995,0.8131338241603746,1.19921875,131.44,0.95,0.95,0.9050996441316437
法律文档,1024,307,0.2998046875,3,0,0.9501701330888009,0.931817331747076,1.2998046875,66.24000000000001,0.95,0.6096,0.8865496619621568
法律文档,1024,307,0.2998046875,3,256,0.98,0.7891560299572397,1.2998046875,91.84,0.95,0.8144,0.8944261897931585
法律文档,1024,307,0.2998046875,3,512,0.9604547720843706,0.7788436212397318,1.2998046875,117.44000000000001,0.95,0.95,0.8928584949988552
法律文档,1024,307,0.2998046875,5,0,0.98,0.8866475915218384,1.2998046875,70.24000000000001,0.95,0.6096,0.8930008396434942
法律文档,1024,307,0.2998046875,5,256,0.98,0.9573961815519677,1.2998046875,95.84,0.95,0.8144,0.9207046140483149
法律文档,1024,307,0.2998046875,5,512,0.9787389146599018,0.8633145826304336,1.2998046875,121.44000000000001,0.95,0.95,0.9145102372576224
法律文档,1024,307,0.2998046875,10,0,0.9548474286446476,0.8855374276424061,1.2998046875,80.24000000000001,0.95,0.6096,0.8791499791722158
法律文档,1024,307,0.2998046875,10,256,0.9695111265991201,0.9745344524514808,1.2998046875,105.84,0.95,0.8144,0.9168120781598147
法律文档,1024,307,0.2998046875,10,512,0.98,0.9545585474591151,1.2998046875,131.44,0.95,0.95,0.9281145925934584
客服对话,128,0,0.0,3,0,0.9084740048755093,0.7714213515301721,1.0,57.28,0.3896,0.25120000000000003,0.8742074078968063
客服对话,128,0,0.0,3,256,0.9672875549544785,0.7797894878511968,1.0,82.88,0.3896,0.45600000000000007,0.9010046238325984
客服对话,128,0,0.0,3,512,0.98,0.8929882961206433,1.0,108.48,0.3896,0.6608,0.936200488836193
客服对话,128,0,0.0,5,0,0.9505379133586506,0.9000582096845658,1.0,61.28,0.3896,0.25120000000000003,0.9330304195846951
客服对话,128,0,0.0,5,256,0.9555647506028089,0.7837950758489399,1.0,86.88,0.3896,0.45600000000000007,0.8955448980560864
客服对话,128,0,0.0,5,512,0.98,0.9786231527958742,1.0,112.48,0.3896,0.6608,0.9610909458387623
客服对话,128,0,0.0,10,0,0.9677541158785276,0.8896737217541745,1.0,71.28,0.3896,0.25120000000000003,0.9365231744655161
客服对话,128,0,0.0,10,256,0.9547875186154177,0.8103881921645402,1.0,96.88,0.3896,0.45600000000000007,0.9011342169570709
客服对话,128,0,0.0,10,512,0.9722108580270129,0.8196700925759078,1.0,122.48,0.3896,0.6608,0.9075104567862787
客服对话,128,12,0.09375,3,0,0.916303064665248,0.8788678113222683,1.09375,57.28,0.3896,0.25120000000000003,0.9009808757293045
客服对话,128,12,0.09375,3,256,0.98,0.9209228501979749,1.09375,82.88,0.3896,0.45600000000000007,0.9403258550593925
客服对话,128,12,0.09375,3,512,0.9689271828835448,0.8286899215019765,1.09375,108.48,0.3896,0.6608,0.9019995678923655
客服对话,128,12,0.09375,5,0,0.9555775781663748,0.8435884427452327,1.09375,61.28,0.3896,0.25120000000000003,0.9092343219067571
客服对话,128,12,0.09375,5,256,0.98,0.836548321704587,1.09375,86.88,0.3896,0.45600000000000007,0.9142134965113762
客服对话,128,12,0.09375,5,512,0.98,0.8859052587352929,1.09375,112.48,0.3896,0.6608,0.9239005776205877
客服对话,128,12,0.09375,10,0,0.9776389637216588,0.8665431643372639,1.09375,71.28,0.3896,0.25120000000000003,0.9251514311620086
客服对话,128,12,0.09375,10,256,0.98,0.9561559404468997,1.09375,96.88,0.3896,0.45600000000000007,0.9480957821340699
客服对话,128,12,0.09375,10,512,0.9660095113971525,0.9009999688336837,1.09375,122.48,0.3896,0.6608,0.9194337463486815
客服对话,128,25,0.1953125,3,0,0.9738202971960539,0.8317340479070613,1.1953125,57.28,0.3896,0.25120000000000003,0.9054431129701452
客服对话,128,25,0.1953125,3,256,0.967906687486918,0.9021152489627354,1.1953125,82.88,0.3896,0.45600000000000007,0.9184806684322797
客服对话,128,25,0.1953125,3,512,0.98,0.8900707344390355,1.1953125,108.48,0.3896,0.6608,0.9157939703317106
客服对话,128,25,0.1953125,5,0,0.98,0.950333105872236,1.1953125,61.28,0.3896,0.25120000000000003,0.9433126817616707
客服对话,128,25,0.1953125,5,256,0.9551392071240727,0.861309458362581,1.1953125,86.88,0.3896,0.45600000000000007,0.8990551910708107
客服对话,128,25,0.1953125,5,512,0.9785169426859238,0.8927742728477279,1.1953125,112.48,0.3896,0.6608,0.9150635031972802
客服对话,128,25,0.1953125,10,0,0.9777063421866484,0.928151287567314,1.1953125,71.28,0.3896,0.25120000000000003,0.9335113073635185
客服对话,128,25,0.1953125,10,256,0.9762860050348702,0.8845439722350144,1.1953125,96.88,0.3896,0.45600000000000007,0.9145989441879394
客服对话,128,25,0.1953125,10,512,0.9638068839557946,0.8150889840549476,1.1953125,122.48,0.3896,0.6608,0.8824028871943815
客服对话,128,38,0.296875,3,0,0.9783941197885869,0.7968867658086003,1.296875,57.28,0.3896,0.25120000000000003,0.8871195896368735
客服对话,128,38,0.296875,3,256,0.98,0.898208618665057,1.296875,82.88,0.3896,0.45600000000000007,0.9131990855995171
客服对话,128,38,0.296875,3,512,0.9558158488537294,0.8508629155642591,1.296875,108.48,0.3896,0.6608,0.8817832990961424
客服对话,128,38,0.296875,5,0,0.98,0.8036835742303918,1.296875,61.28,0.3896,0.25120000000000003,0.8891615722691175
客服对话,128,38,0.296875,5,256,0.9614125345064487,0.8588527371717855,1.296875,86.88,0.3896,0.45600000000000007,0.89129858840476
客服对话,128,38,0.296875,5,512,0.9765878447032074,0.953540096714932,1.296875,112.48,0.3896,0.6608,0.9221724513660833
客服对话,128,38,0.296875,10,0,0.98,0.9692733966016256,1.296875,71.28,0.3896,0.25120000000000003,0.9368385189804878
客服对话,128,38,0.296875,10,256,0.9740624175529672,0.7909770140368095,1.296875,96.88,0.3896,0.45600000000000007,0.8752608129875264
客服对话,128,38,0.296875,10,512,0.9773005020403486,0.8664418988303114,1.296875,122.48,0.3896,0.6608,0.8943993206692678
客服对话,256,0,0.0,3,0,0.3,0.3,1.0,58.56,0.47919999999999996,0.3024,0.428288
客服对话,256,0,0.0,3,256,0.3,0.3568355188917942,1.0,84.16,0.47919999999999996,0.5072,0.44021865566753826
客服对话,256,0,0.0,3,512,0.3,0.3,1.0,109.76,0.47919999999999996,0.712,0.418048
客服对话,256,0,0.0,5,0,0.3,0.3,1.0,62.56,0.47919999999999996,0.3024,0.427488
客服对话,256,0,0.0,5,256,0.3,0.42694125154728546,1.0,88.16,0.47919999999999996,0.5072,0.46045037546418566
客服对话,256,0,0.0,5,512,0.3,0.3,1.0,113.76,0.47919999999999996,0.712,0.41724799999999995
客服对话,256,0,0.0,10,0,0.3,0.43921928957101886,1.0,72.56,0.47919999999999996,0.3024,0.4672537868713057
客服对话,256,0,0.0,10,256,0.3,0.41585404849690855,1.0,98.16,0.47919999999999996,0.5072,0.4551242145490726
客服对话,256,0,0.0,10,512,0.3,0.43744661272630087,1.0,123.76,0.47919999999999996,0.712,0.4564819838178902
客服对话,256,25,0.09765625,3,0,0.3,0.4277860007854208,1.09765625,58.56,0.47919999999999996,0.3024,0.4568581752356262
客服对话,256,25,0.09765625,3,256,0.3,0.36096596540604475,1.09765625,84.16,0.47919999999999996,0.5072,0.4316921646218135
客服对话,256,25,0.09765625,3,512,0.3,0.42106729821586464,1.09765625,109.76,0.47919999999999996,0.712,0.44460256446475943
客服对话,256,25,0.09765625,5,0,0.3,0.39422384460392546,1.09765625,62.56,0.47919999999999996,0.3024,0.44598952838117767
客服对话,256,25,0.09765625,5,256,0.3,0.3,1.09765625,88.16,0.47919999999999996,0.5072,0.41260237499999997
客服对话,256,25,0.09765625,5,512,0.3,0.3565019132979588,1.09765625,113.76,0.47919999999999996,0.712,0.42443294898938766
客服对话,256,25,0.09765625,10,0,0.3,0.41214051640018057,1.09765625,72.56,0.47919999999999996,0.3024,0.44936452992005416
客服对话,256,25,0.09765625,10,256,0.3,0.4168269402902018,1.09765625,98.16,0.47919999999999996,0.5072,0.4456504570870605
客服对话,256,25,0.09765625,10,512,0.3,0.4352412065861926,1.09765625,123.76,0.47919999999999996,0.712,0.44605473697585774
客服对话,256,51,0.19921875,3,0,0.3,0.4261631772096651,1.19921875,58.56,0.47919999999999996,0.3024,0.4462150781628995
客服对话,256,51,0.19921875,3,256,0.3,0.3,1.19921875,84.16,0.47919999999999996,0.5072,0.403246125
客服对话,256,51,0.19921875,3,512,0.3,0.3010381734677201,1.19921875,109.76,0.47919999999999996,0.712,0.398437577040316
客服对话,256,51,0.19921875,5,0,0.3,0.4128705884060573,1.19921875,62.56,0.47919999999999996,0.3024,0.4414273015218172
客服对话,256,51,0.19921875,5,256,0.3,0.3472431464957444,1.19921875,88.16,0.47919999999999996,0.5072,0.4166190689487233
客服对话,256,51,0.19921875,5,512,0.3,0.3,1.19921875,113.76,0.47919999999999996,0.712,0.397326125
客服对话,256,51,0.19921875,10,0,0.3,0.3422846119338956,1.19921875,72.56,0.47919999999999996,0.3024,0.4182515085801687
客服对话,256,51,0.19921875,10,256,0.3,0.4251150330998166,1.19921875,98.16,0.47919999999999996,0.5072,0.437980634929945
客服对话,256,51,0.19921875,10,512,0.3,0.3,1.19921875,123.76,0.47919999999999996,0.712,0.395326125
客服对话,256,76,0.296875,3,0,0.3,0.3000644536422528,1.296875,58.56,0.47919999999999996,0.3024,0.3986198360926758
客服对话,256,76,0.296875,3,256,0.3,0.32408926675458166,1.296875,84.16,0.47919999999999996,0.5072,0.4007072800263745
客服对话,256,76,0.296875,3,512,0.3,0.34958744262713964,1.296875,109.76,0.47919999999999996,0.712,0.40323673278814187
客服对话,256,76,0.296875,5,0,0.3,0.33299763804940286,1.296875,62.56,0.47919999999999996,0.3024,0.4076997914148209
客服对话,256,76,0.296875,5,256,0.3,0.3,1.296875,88.16,0.47919999999999996,0.5072,0.3926805
客服对话,256,76,0.296875,5,512,0.3,0.39022762750814644,1.296875,113.76,0.47919999999999996,0.712,0.41462878825244387
客服对话,256,76,0.296875,10,0,0.3,0.335027268843761,1.296875,72.56,0.47919999999999996,0.3024,0.4063086806531283
客服对话,256,76,0.296875,10,256,0.3,0.379270850098101,1.296875,98.16,0.47919999999999996,0.5072,0.4144617550294303
客服对话,256,76,0.296875,10,512,0.3,0.394009237714805,1.296875,123.76,0.47919999999999996,0.712,0.41376327131444146
客服对话,512,0,0.0,3,0,0.3,0.3,1.0,61.12,0.6584,0.40480000000000005,0.427776
客服对话,512,0,0.0,3,256,0.3,0.4375784906132896,1.0,86.72,0.6584,0.6096,0.4639295471839869
客服对话,512,0,0.0,3,512,0.3,0.3409556329648804,1.0,112.32,0.6584,0.8144,0.4298226898894641
客服对话,512,0,0.0,5,0,0.3,0.3,1.0,65.12,0.6584,0.40480000000000005,0.42697599999999997
客服对话,512,0,0.0,5,256,0.3,0.3,1.0,90.72,0.6584,0.6096,0.42185599999999995
客服对话,512,0,0.0,5,512,0.3,0.3,1.0,116.32000000000001,0.6584,0.8144,0.416736
客服对话,512,0,0.0,10,0,0.3,0.34852222810078304,1.0,75.12,0.6584,0.40480000000000005,0.4395326684302349
客服对话,512,0,0.0,10,256,0.3,0.3791045972995936,1.0,100.72,0.6584,0.6096,0.44358737918987806
客服对话,512,0,0.0,10,512,0.3,0.39069502501187714,1.0,126.32000000000001,0.6584,0.8144,0.4419445075035632
客服对话,512,51,0.099609375,3,0,0.3,0.36065051778824825,1.099609375,61.12,0.6584,0.40480000000000005,0.4360102178364745
客服对话,512,51,0.099609375,3,256,0.3,0.37582837700566996,1.099609375,86.72,0.6584,0.6096,0.435443575601701
客服对话,512,51,0.099609375,3,512,0.3,0.3,1.099609375,112.32,0.6584,0.8144,0.4075750625
客服对话,512,51,0.099609375,5,0,0.3,0.33233968881030235,1.099609375,65.12,0.6584,0.40480000000000005,0.4267169691430907
客服对话,512,51,0.099609375,5,256,0.3,0.3158252431128272,1.099609375,90.72,0.6584,0.6096,0.41664263543384816
客服对话,512,51,0.099609375,5,512,0.3,0.3478838095845067,1.099609375,116.32000000000001,0.6584,0.8144,0.421140205375352
客服对话,512,51,0.099609375,10,0,0.3,0.39084664081190523,1.099609375,75.12,0.6584,0.40480000000000005,0.44226905474357153
客服对话,512,51,0.099609375,10,256,0.3,0.3738917689239821,1.099609375,100.72,0.6584,0.6096,0.4320625931771946
客服对话,512,51,0.099609375,10,512,0.3,0.36144949877818633,1.099609375,126.32000000000001,0.6584,0.8144,0.4232099121334559
客服对话,512,102,0.19921875,3,0,0.3,0.3,1.19921875,61.12,0.6584,0.40480000000000005,0.407854125
客服对话,512,102,0.19921875,3,256,0.3,0.3,1.19921875,86.72,0.6584,0.6096,0.402734125
客服对话,512,102,0.19921875,3,512,0.3,0.36008232296336884,1.19921875,112.32,0.6584,0.8144,0.41563882188901063
客服对话,512,102,0.19921875,5,0,0.3,0.31411417524361124,1.19921875,65.12,0.6584,0.40480000000000005,0.41128837757308334
客服对话,512,102,0.19921875,5,256,0.3,0.43215751344291575,1.19921875,90.72,0.6584,0.6096,0.4415813790328747
客服对话,512,102,0.19921875,5,512,0.3,0.43309474624761557,1.19921875,116.32000000000001,0.6584,0.8144,0.43674254887428465
客服对话,512,102,0.19921875,10,0,0.3,0.3862052428610244,1.19921875,75.12,0.6584,0.40480000000000005,0.4309156978583073
客服对话,512,102,0.19921875,10,256,0.3,0.3,1.19921875,100.72,0.6584,0.6096,0.399934125
客服对话,512,102,0.19921875,10,512,0.3,0.3,1.19921875,126.32000000000001,0.6584,0.8144,0.394814125
客服对话,512,153,0.298828125,3,0,0.3,0.3,1.298828125,61.12,0.6584,0.40480000000000005,0.3978931875
客服对话,512,153,0.298828125,3,256,0.3,0.3916329306964933,1.298828125,86.72,0.6584,0.6096,0.420263066708948
客服对话,512,153,0.298828125,3,512,0.3,0.3,1.298828125,112.32,0.6584,0.8144,0.3876531875
客服对话,512,153,0.298828125,5,0,0.3,0.3251007625410429,1.298828125,65.12,0.6584,0.40480000000000005,0.40462341626231285
客服对话,512,153,0.298828125,5,256,0.3,0.3,1.298828125,90.72,0.6584,0.6096,0.3919731875
客服对话,512,153,0.298828125,5,512,0.3,0.3,1.298828125,116.32000000000001,0.6584,0.8144,0.38685318750000003
客服对话,512,153,0.298828125,10,0,0.3,0.3,1.298828125,75.12,0.6584,0.40480000000000005,0.3950931875
客服对话,512,153,0.298828125,10,256,0.3,0.3,1.298828125,100.72,0.6584,0.6096,0.3899731875
客服对话,512,153,0.298828125,10,512,0.3,0.3381757389047558,1.298828125,126.32000000000001,0.6584,0.8144,0.3963059091714268
客服对话,768,0,0.0,3,0,0.3,0.3,1.0,63.68,0.8375999999999999,0.5072000000000001,0.427264
客服对话,768,0,0.0,3,256,0.3,0.36588914139039963,1.0,89.28,0.8375999999999999,0.7120000000000001,0.4419107424171199
客服对话,768,0,0.0,3,512,0.3,0.3,1.0,114.88,0.8375999999999999,0.9168000000000001,0.41702399999999995
客服对话,768,0,0.0,5,0,0.3,0.33010289297775086,1.0,67.68,0.8375999999999999,0.5072000000000001,0.43549486789332525
客服对话,768,0,0.0,5,256,0.3,0.3619261824490261,1.0,93.28,0.8375999999999999,0.7120000000000001,0.4399218547347078
客服对话,768,0,0.0,5,512,0.3,0.3,1.0,118.88000000000001,0.8375999999999999,0.9168000000000001,0.416224
客服对话,768,0,0.0,10,0,0.3,0.3,1.0,77.68,0.8375999999999999,0.5072000000000001,0.42446399999999995
客服对话,768,0,0.0,10,256,0.3,0.42478220889650975,1.0,103.28,0.8375999999999999,0.7120000000000001,0.4567786626689529
客服对话,768,0,0.0,10,512,0.3,0.3489124757421157,1.0,128.88,0.8375999999999999,0.9168000000000001,0.42889774272263476
客服对话,768,76,0.09895833333333333,3,0,0.3,0.3015223625228465,1.0989583333333333,63.68,0.8375999999999999,0.5072000000000001,0.41782487542352065
客服对话,768,76,0.09895833333333333,3,256,0.3,0.3799467369951435,1.0989583333333333,89.28,0.8375999999999999,0.7120000000000001,0.43623218776520967
客服对话,768,76,0.09895833333333333,3,512,0.3,0.3264057328321545,1.0989583333333333,114.88,0.8375999999999999,0.9168000000000001,0.415049886516313
客服对话,768,76,0.09895833333333333,5,0,0.3,0.3550398218439861,1.0989583333333333,67.68,0.8375999999999999,0.5072000000000001,0.4330801132198625
客服对话,768,76,0.09895833333333333,5,256,0.3,0.3912537660825114,1.0989583333333333,93.28,0.8375999999999999,0.7120000000000001,0.4388242964914201
客服对话,768,76,0.09895833333333333,5,512,0.3,0.36695694389081734,1.0989583333333333,118.88000000000001,0.8375999999999999,0.9168000000000001,0.42641524983391194
客服对话,768,76,0.09895833333333333,10,0,0.3,0.4115466188800705,1.0989583333333333,77.68,0.8375999999999999,0.5072000000000001,0.4480321523306878
客服对话,768,76,0.09895833333333333,10,256,0.3,0.3500193217943566,1.0989583333333333,103.28,0.8375999999999999,0.7120000000000001,0.4244539632049737
客服对话,768,76,0.09895833333333333,10,512,0.3,0.342919250465821,1.0989583333333333,128.88,0.8375999999999999,0.9168000000000001,0.417203941806413
客服对话,768,153,0.19921875,3,0,0.3,0.31235587183033503,1.19921875,63.68,0.8375999999999999,0.5072000000000001,0.4110488865491005
客服对话,768,153,0.19921875,3,256,0.3,0.4255345521688896,1.19921875,89.28,0.8375999999999999,0.7120000000000001,0.43988249065066687
客服对话,768,153,0.19921875,3,512,0.3,0.3,1.19921875,114.88,0.8375999999999999,0.9168000000000001,0.397102125
客服对话,768,153,0.19921875,5,0,0.3,0.4225859756968336,1.19921875,67.68,0.8375999999999999,0.5072000000000001,0.44331791770905005
客服对话,768,153,0.19921875,5,256,0.3,0.34177440301390233,1.19921875,93.28,0.8375999999999999,0.7120000000000001,0.41395444590417063
客服对话,768,153,0.19921875,5,512,0.3,0.31671720264943,1.19921875,118.88000000000001,0.8375999999999999,0.9168000000000001,0.401317285794829
客服对话,768,153,0.19921875,10,0,0.3,0.3980012364006227,1.19921875,77.68,0.8375999999999999,0.5072000000000001,0.43394249592018674
客服对话,768,153,0.19921875,10,256,0.3,0.3,1.19921875,103.28,0.8375999999999999,0.7120000000000001,0.399422125
客服对话,768,153,0.19921875,10,512,0.3,0.3090247883386015,1.19921875,128.88,0.8375999999999999,0.9168000000000001,0.39700956150158045
客服对话,768,230,0.2994791666666667,3,0,0.3,0.3794996855241143,1.2994791666666667,63.68,0.8375999999999999,0.5072000000000001,0.4211659889905676
客服对话,768,230,0.2994791666666667,3,256,0.3,0.3810455762050005,1.2994791666666667,89.28,0.8375999999999999,0.7120000000000001,0.4165097561948335
客服对话,768,230,0.2994791666666667,3,512,0.3,0.3390657299232847,1.2994791666666667,114.88,0.8375999999999999,0.9168000000000001,0.39879580231031875
客服对话,768,230,0.2994791666666667,5,0,0.3,0.32806124195413544,1.2994791666666667,67.68,0.8375999999999999,0.5072000000000001,0.40493445591957394
客服对话,768,230,0.2994791666666667,5,256,0.3,0.3,1.2994791666666667,93.28,0.8375999999999999,0.7120000000000001,0.3913960833333333
客服对话,768,230,0.2994791666666667,5,512,0.3,0.41035305847013825,1.2994791666666667,118.88000000000001,0.8375999999999999,0.9168000000000001,0.4193820008743748
客服对话,768,230,0.2994791666666667,10,0,0.3,0.3918803618668727,1.2994791666666667,77.68,0.8375999999999999,0.5072000000000001,0.42208019189339513
客服对话,768,230,0.2994791666666667,10,256,0.3,0.4394851845912431,1.2994791666666667,103.28,0.8375999999999999,0.7120000000000001,0.43124163871070625
客服对话,768,230,0.2994791666666667,10,512,0.3,0.32873571033234117,1.2994791666666667,128.88,0.8375999999999999,0.9168000000000001,0.3928967964330357
客服对话,1024,0,0.0,3,0,0.3,0.31496821795506297,1.0,66.24000000000001,0.95,0.6096,0.43124246538651884
客服对话,1024,0,0.0,3,256,0.3,0.3,1.0,91.84,0.95,0.8144,0.42163199999999995
客服对话,1024,0,0.0,3,512,0.3,0.3322299826709995,1.0,117.44000000000001,0.95,0.95,0.4261809948012999
客服对话,1024,0,0.0,5,0,0.3,0.3755221771398159,1.0,70.24000000000001,0.95,0.6096,0.44860865314194476
客服对话,1024,0,0.0,5,256,0.3,0.32486178769217955,1.0,95.84,0.95,0.8144,0.4282905363076539
客服对话,1024,0,0.0,5,512,0.3,0.3,1.0,121.44000000000001,0.95,0.95,0.41571199999999997
客服对话,1024,0,0.0,10,0,0.3,0.3716459631857362,1.0,80.24000000000001,0.95,0.6096,0.44544578895572084
客服对话,1024,0,0.0,10,256,0.3,0.3612812986152949,1.0,105.84,0.95,0.8144,0.4372163895845885
客服对话,1024,0,0.0,10,512,0.3,0.3104641911670633,1.0,131.44,0.95,0.95,0.41685125735011896
客服对话,1024,102,0.099609375,3,0,0.3,0.4076674233925033,1.099609375,66.24000000000001,0.95,0.6096,0.44909128951775096
客服对话,1024,102,0.099609375,3,256,0.3,0.35591476107368053,1.099609375,91.84,0.95,0.8144,0.42844549082210415
客服对话,1024,102,0.099609375,3,512,0.3,0.3,1.099609375,117.44000000000001,0.95,0.95,0.4065510625
客服对话,1024,102,0.099609375,5,0,0.3,0.3,1.099609375,70.24000000000001,0.95,0.6096,0.41599106249999995
客服对话,1024,102,0.099609375,5,256,0.3,0.3,1.099609375,95.84,0.95,0.8144,0.4108710625
客服对话,1024,102,0.099609375,5,512,0.3,0.4359884485563807,1.099609375,121.44000000000001,0.95,0.95,0.4465475970669142
客服对话,1024,102,0.099609375,10,0,0.3,0.3473144616538118,1.099609375,80.24000000000001,0.95,0.6096,0.42818540099614355
客服对话,1024,102,0.099609375,10,256,0.3,0.4280583783559109,1.099609375,105.84,0.95,0.8144,0.44728857600677324
客服对话,1024,102,0.099609375,10,512,0.3,0.4230511817486319,1.099609375,131.44,0.95,0.95,0.44066641702458953
客服对话,1024,204,0.19921875,3,0,0.3,0.32165917115908255,1.19921875,66.24000000000001,0.95,0.6096,0.4133278763477248
客服对话,1024,204,0.19921875,3,256,0.3,0.4174518617057005,1.19921875,91.84,0.95,0.8144,0.4369456835117101
客服对话,1024,204,0.19921875,3,512,0.3,0.32382535068294455,1.19921875,117.44000000000001,0.95,0.95,0.40373773020488335
客服对话,1024,204,0.19921875,5,0,0.3,0.3216231771395401,1.19921875,70.24000000000001,0.95,0.6096,0.412517078141862
客服对话,1024,204,0.19921875,5,256,0.3,0.4110900386611909,1.19921875,95.84,0.95,0.8144,0.4342371365983573
客服对话,1024,204,0.19921875,5,512,0.3,0.3196279285488746,1.19921875,121.44000000000001,0.95,0.95,0.4016785035646624
客服对话,1024,204,0.19921875,10,0,0.3,0.36834089344664356,1.19921875,80.24000000000001,0.95,0.6096,0.4245323930339931
客服对话,1024,204,0.19921875,10,256,0.3,0.35291559518159266,1.19921875,105.84,0.95,0.8144,0.4147848035544778
客服对话,1024,204,0.19921875,10,512,0.3,0.3057119106864461,1.19921875,131.44,0.95,0.95,0.39550369820593384
客服对话,1024,307,0.2998046875,3,0,0.3,0.3,1.2998046875,66.24000000000001,0.95,0.6096,0.39677153125
客服对话,1024,307,0.2998046875,3,256,0.3,0.3979969328469508,1.2998046875,91.84,0.95,0.8144,0.4210506111040852
客服对话,1024,307,0.2998046875,3,512,0.3,0.3452171053195734,1.2998046875,117.44000000000001,0.95,0.95,0.40009666284587203
客服对话,1024,307,0.2998046875,5,0,0.3,0.34076773795716425,1.2998046875,70.24000000000001,0.95,0.6096,0.40820185263714925
客服对话,1024,307,0.2998046875,5,256,0.3,0.3316085044195364,1.2998046875,95.84,0.95,0.8144,0.4003340825758609
客服对话,1024,307,0.2998046875,5,512,0.3,0.338053770828845,1.2998046875,121.44000000000001,0.95,0.95,0.39714766249865346
客服对话,1024,307,0.2998046875,10,0,0.3,0.3,1.2998046875,80.24000000000001,0.95,0.6096,0.39397153125
客服对话,1024,307,0.2998046875,10,256,0.3,0.3307430835150943,1.2998046875,105.84,0.95,0.8144,0.3980744563045283
客服对话,1024,307,0.2998046875,10,512,0.3,0.3937925460209477,1.2998046875,131.44,0.95,0.95,0.4118692950562843
学术论文,128,0,0.0,3,0,0.7986605186232029,0.7742683123831446,1.0,57.28,0.3896,0.25120000000000003,0.7182524259220314
学术论文,128,0,0.0,3,256,0.8175905242615784,0.7551434770299352,1.0,82.88,0.3896,0.45600000000000007,0.7345740804132845
学术论文,128,0,0.0,3,512,0.817698683095804,0.7720120832518249,1.0,108.48,0.3896,0.6608,0.7563906452312413
学术论文,128,0,0.0,5,0,0.7851037892397614,0.6591789313541655,1.0,61.28,0.3896,0.25120000000000003,0.6764456705900568
学术论文,128,0,0.0,5,256,0.8655384202295295,0.813175942457002,1.0,86.88,0.3896,0.45600000000000007,0.7678477960596901
学术论文,128,0,0.0,5,512,0.8374008208811832,0.780328782959592,1.0,112.48,0.3896,0.6608,0.7647166732290481
学术论文,128,0,0.0,10,0,0.8208260120327763,0.6658256863573535,1.0,71.28,0.3896,0.25120000000000003,0.6884037434848417
学术论文,128,0,0.0,10,256,0.8346117876244646,0.7232841507215901,1.0,96.88,0.3896,0.45600000000000007,0.7275859002707377
学术论文,128,0,0.0,10,512,0.8445703711828277,0.8629872144887611,1.0,122.48,0.3896,0.6608,0.7918616274149086
学术论文,128,12,0.09375,3,0,0.7783388953990779,0.6985622046707919,1.09375,57.28,0.3896,0.25120000000000003,0.6800235520223584
学术论文,128,12,0.09375,3,256,0.8691058609847507,0.8504846710970495,1.09375,82.88,0.3896,0.45600000000000007,0.7740681702661762
学术论文,128,12,0.09375,3,512,0.8311937163885418,0.8535369159778444,1.09375,108.48,0.3896,0.6608,0.7792970023572436
学术论文,128,12,0.09375,5,0,0.8336241136331146,0.7586696614239714,1.09375,61.28,0.3896,0.25120000000000003,0.7163092080182676
学术论文,128,12,0.09375,5,256,0.8638264176620944,0.870625710850171,1.09375,86.88,0.3896,0.45600000000000007,0.778183881123925
学术论文,128,12,0.09375,5,512,0.8342058229791097,0.6767879334682347,1.09375,112.48,0.3896,0.6608,0.7230612020631504
学术论文,128,12,0.09375,10,0,0.7964258642289983,0.7134645486845062,1.09375,71.28,0.3896,0.25120000000000003,0.6883401321323216
学术论文,128,12,0.09375,10,256,0.8433030631764501,0.8187868144131991,1.09375,96.88,0.3896,0.45600000000000007,0.7534279608286878
学术论文,128,12,0.09375,10,512,0.8493073322756335,0.7663989159543279,1.09375,122.48,0.3896,0.6608,0.7549691994335878
学术论文,128,25,0.1953125,3,0,0.81380428755638,0.6867738061511303,1.1953125,57.28,0.3896,0.25120000000000003,0.6794751899864034
学术论文,128,25,0.1953125,3,256,0.8703073334596525,0.726813720477649,1.1953125,82.88,0.3896,0.45600000000000007,0.7267529372599366
学术论文,128,25,0.1953125,3,512,0.8338034345410388,0.7318739590337657,1.1953125,108.48,0.3896,0.6608,0.7330749659439376
学术论文,128,25,0.1953125,5,0,0.8124364807728416,0.6615342179171109,1.1953125,61.28,0.3896,0.25120000000000003,0.6703208235807849
学术论文,128,25,0.1953125,5,256,0.848138384356785,0.8306311405368744,1.1953125,86.88,0.3896,0.45600000000000007,0.7522404479659712
学术论文,128,25,0.1953125,5,512,0.8598890309850855,0.86239783300512,1.1953125,112.48,0.3896,0.6608,0.7825499964768659
学术论文,128,25,0.1953125,10,0,0.8199176406632627,0.7182773707907891,1.1953125,71.28,0.3896,0.25120000000000003,0.6892726036652966
学术论文,128,25,0.1953125,10,256,0.8651088286119769,0.737026530295893,1.1953125,96.88,0.3896,0.45600000000000007,0.7261175148505186
学术论文,128,25,0.1953125,10,512,0.862108162020423,0.8159071210703581,1.1953125,122.48,0.3896,0.6608,0.76678309058905
学术论文,128,38,0.296875,3,0,0.8035962738355018,0.7766725747276576,1.296875,57.28,0.3896,0.25120000000000003,0.696851231540211
学术论文,128,38,0.296875,3,256,0.8676762573520698,0.8510648907398065,1.296875,82.88,0.3896,0.45600000000000007,0.7575463673894005
学术论文,128,38,0.296875,3,512,0.8647307131545574,0.785189504130981,1.296875,108.48,0.3896,0.6608,0.7519076695313724
学术论文,128,38,0.296875,5,0,0.8236897851748181,0.7268123492188472,1.296875,61.28,0.3896,0.25120000000000003,0.686685883005973
学术论文,128,38,0.296875,5,256,0.8748454066387462,0.7555853542443851,1.296875,86.88,0.3896,0.45600000000000007,0.7286470434826022
学术论文,128,38,0.296875,5,512,0.8825520269956729,0.7161592875015146,1.296875,112.48,0.3896,0.6608,0.7348808206391001
学术论文,128,38,0.296875,10,0,0.8643171959247392,0.7247159788605742,1.296875,71.28,0.3896,0.25120000000000003,0.6974158159313004
学术论文,128,38,0.296875,10,256,0.8861338389984958,0.9059688399547419,1.296875,96.88,0.3896,0.45600000000000007,0.7787820572650361
学术论文,128,38,0.296875,10,512,0.9208345103114612,0.9357521461477117,1.296875,122.48,0.3896,0.6608,0.8158009300669355
学术论文,256,0,0.0,3,0,0.8750948076715117,0.8159119043004607,1.0,58.56,0.47919999999999996,0.3024,0.7699125478310312
学术论文,256,0,0.0,3,256,0.897143268748533,0.8882585934084836,1.0,84.16,0.47919999999999996,0.5072,0.8165029958902454
学术论文,256,0,0.0,3,512,0.9026743521603638,0.8571819924491092,1.0,109.76,0.47919999999999996,0.712,0.8247124302750314
学术论文,256,0,0.0,5,0,0.8628599074606884,0.8141642280349715,1.0,62.56,0.47919999999999996,0.3024,0.7647981233586112
学术论文,256,0,0.0,5,256,0.8894443102140941,0.8547938083291583,1.0,88.16,0.47919999999999996,0.5072,0.8026905979338408
学术论文,256,0,0.0,5,512,0.8961593900249932,0.867300410502875,1.0,113.76,0.47919999999999996,0.712,0.8252255361689179
学术论文,256,0,0.0,10,0,0.8454473451258588,0.7189887385540952,1.0,72.56,0.47919999999999996,0.3024,0.7271699467775854
学术论文,256,0,0.0,10,256,0.913223327184214,0.7621280282188175,1.0,98.16,0.47919999999999996,0.5072,0.77904683372897
学术论文,256,0,0.0,10,512,0.9302902809225249,0.7457968461684515,1.0,123.76,0.47919999999999996,0.712,0.7956662806691125
学术论文,256,25,0.09765625,3,0,0.8396781501369642,0.6948282541933919,1.09765625,58.56,0.47919999999999996,0.3024,0.7120199493857141
学术论文,256,25,0.09765625,3,256,0.92467741450169,0.7804613940668427,1.09765625,84.16,0.47919999999999996,0.5072,0.7830063187419305
学术论文,256,25,0.09765625,3,512,0.9323869060710536,0.7643692183993896,1.09765625,109.76,0.47919999999999996,0.712,0.7967078598305418
学术论文,256,25,0.09765625,5,0,0.8800639983867646,0.7564422511962814,1.09765625,62.56,0.47919999999999996,0.3024,0.7440198998665748
学术论文,256,25,0.09765625,5,256,0.8963518273531079,0.893702740542515,1.09765625,88.16,0.47919999999999996,0.5072,0.8095393617265993
学术论文,256,25,0.09765625,5,512,0.9007228228827309,0.7460673621626125,1.09765625,113.76,0.47919999999999996,0.712,0.7800787592145099
学术论文,256,25,0.09765625,10,0,0.9096356175514694,0.7697238017091264,1.09765625,72.56,0.47919999999999996,0.3024,0.7561329141633908
学术论文,256,25,0.09765625,10,256,0.9300827827498079,0.868198528229989,1.09765625,98.16,0.47919999999999996,0.5072,0.810571919513535
学术论文,256,25,0.09765625,10,512,0.9543464425563047,0.9397603949777087,1.09765625,123.76,0.47919999999999996,0.712,0.8576200880108844
学术论文,256,51,0.19921875,3,0,0.8949891666095905,0.8888041389627283,1.19921875,58.56,0.47919999999999996,0.3024,0.7836667577831421
学术论文,256,51,0.19921875,3,256,0.9491850652477276,0.9310667024657384,1.19921875,84.16,0.47919999999999996,0.5072,0.8309174656683092
学术论文,256,51,0.19921875,3,512,0.944575788222534,0.8011797280595813,1.19921875,109.76,0.47919999999999996,0.712,0.804262665210277
学术论文,256,51,0.19921875,5,0,0.9150849169915837,0.7878929321376412,1.19921875,62.56,0.47919999999999996,0.3024,0.757165811721352
学术论文,256,51,0.19921875,5,256,0.9634257991681651,0.7938089897048176,1.19921875,88.16,0.47919999999999996,0.5072,0.7909120324393546
学术论文,256,51,0.19921875,5,512,0.9135757235815647,0.8177733305781807,1.19921875,113.76,0.47919999999999996,0.712,0.7990125973311185
学术论文,256,51,0.19921875,10,0,0.8940462403605646,0.8305546009877717,1.19921875,72.56,0.47919999999999996,0.3024,0.7624851692314678
学术论文,256,51,0.19921875,10,256,0.9532416341854485,0.9064793071773279,1.19921875,98.16,0.47919999999999996,0.5072,0.8221076012360886
学术论文,256,51,0.19921875,10,512,0.9607887754545573,0.8346710275721653,1.19921875,123.76,0.47919999999999996,0.712,0.8179280369685513
学术论文,256,76,0.296875,3,0,0.8703730755058813,0.7779770421285485,1.296875,58.56,0.47919999999999996,0.3024,0.7325124376430177
学术论文,256,76,0.296875,3,256,0.9582378160171732,0.9020538418682852,1.296875,84.16,0.47919999999999996,0.5072,0.8167177305233468
学术论文,256,76,0.296875,3,512,0.9018403521551994,0.778855025097945,1.296875,109.76,0.47919999999999996,0.712,0.7756309207210064
学术论文,256,76,0.296875,5,0,0.8885620962069705,0.7535899571633965,1.296875,62.56,0.47919999999999996,0.3024,0.7298890570785175
学术论文,256,76,0.296875,5,256,0.9171202404521893,0.8367865943447949,1.296875,88.16,0.47919999999999996,0.5072,0.7820345871350352
学术论文,256,76,0.296875,5,512,0.952400248482112,0.8068483319851473,1.296875,113.76,0.47919999999999996,0.712,0.800127945749523
学术论文,256,76,0.296875,10,0,0.9268797135373648,0.7560694166668056,1.296875,72.56,0.47919999999999996,0.3024,0.7413441216653346
学术论文,256,76,0.296875,10,256,0.9555580820005071,0.8132433535160936,1.296875,98.16,0.47919999999999996,0.5072,0.7852008593653124
学术论文,256,76,0.296875,10,512,0.9322906896536932,0.8308617905115014,1.296875,123.76,0.47919999999999996,0.712,0.7997771936528624
学术论文,512,0,0.0,3,0,0.9569241425529604,0.9352065835127004,1.0,61.12,0.6584,0.40480000000000005,0.8620226323410116
学术论文,512,0,0.0,3,256,0.98,0.9740079216886313,1.0,86.72,0.6584,0.6096,0.8982073349403621
学术论文,512,0,0.0,3,512,0.98,0.8935743901221658,1.0,112.32,0.6584,0.8144,0.8888526048390931
学术论文,512,0,0.0,5,0,0.9648343842505795,0.899399794755695,1.0,65.12,0.6584,0.40480000000000005,0.8524557372820079
学术论文,512,0,0.0,5,256,0.9546490012318841,0.8208648311581379,1.0,90.72,0.6584,0.6096,0.8404492263648071
学术论文,512,0,0.0,5,512,0.9638756887836912,0.9098905134867635,1.0,116.32000000000001,0.6584,0.8144,0.8882739847265456
学术论文,512,0,0.0,10,0,0.9749464540461893,0.8213240411398336,1.0,75.12,0.6584,0.40480000000000005,0.8291073584595274
学术论文,512,0,0.0,10,256,0.98,0.9371189152236139,1.0,100.72,0.6584,0.6096,0.8841628528715566
学术论文,512,0,0.0,10,512,0.98,0.9746860676940213,1.0,126.32000000000001,0.6584,0.8144,0.9125683416620869
学术论文,512,51,0.099609375,3,0,0.9632323216594291,0.8144701842518305,1.099609375,61.12,0.6584,0.40480000000000005,0.8174368518916031
学术论文,512,51,0.099609375,3,256,0.9742590001482582,0.8124161463593083,1.099609375,86.72,0.6584,0.6096,0.8366920968824214
学术论文,512,51,0.099609375,3,512,0.9736412153803823,0.8917913689092607,1.099609375,112.32,0.6584,0.8144,0.8782784769726858
学术论文,512,51,0.099609375,5,0,0.9530170780093177,0.8382344352450821,1.099609375,65.12,0.6584,0.40480000000000005,0.821132534241408
学术论文,512,51,0.099609375,5,256,0.98,0.9503848570310546,1.099609375,90.72,0.6584,0.6096,0.8820392042499376
学术论文,512,51,0.099609375,5,512,0.98,0.8539920687440368,1.099609375,116.32000000000001,0.6584,0.8144,0.8675775119980919
学术论文,512,51,0.099609375,10,0,0.98,0.8238721364725066,1.099609375,75.12,0.6584,0.40480000000000005,0.8235711336712022
学术论文,512,51,0.099609375,10,256,0.98,0.8275929081813007,1.099609375,100.72,0.6584,0.6096,0.8411457806180164
学术论文,512,51,0.099609375,10,512,0.98,0.8069065742757796,1.099609375,126.32000000000001,0.6584,0.8144,0.8509101537682496
学术论文,512,102,0.19921875,3,0,0.9687174346636817,0.9104434051010272,1.19921875,61.12,0.6584,0.40480000000000005,0.841934768724707
学术论文,512,102,0.19921875,3,256,0.98,0.9094484791202089,1.19921875,86.72,0.6584,0.6096,0.8616108133184669
学术论文,512,102,0.19921875,3,512,0.9572633039040389,0.9625795134261654,1.19921875,112.32,0.6584,0.8144,0.8877210015456655
学术论文,512,102,0.19921875,5,0,0.98,0.8522462349722567,1.19921875,65.12,0.6584,0.40480000000000005,0.8262820951911223
学术论文,512,102,0.19921875,5,256,0.98,0.9497414622004917,1.19921875,90.72,0.6584,0.6096,0.8738645679041575
学术论文,512,102,0.19921875,5,512,0.9662049437832441,0.9346037987879465,1.19921875,116.32000000000001,0.6584,0.8144,0.880990097622781
学术论文,512,102,0.19921875,10,0,0.9661037322829535,0.9432256178302292,1.19921875,75.12,0.6584,0.40480000000000005,0.8493486920362185
学术论文,512,102,0.19921875,10,256,0.9778825079961939,0.9043723472430593,1.19921875,100.72,0.6584,0.6096,0.8570688536765612
学术论文,512,102,0.19921875,10,512,0.9627271910107843,0.9297482241742467,1.19921875,126.32000000000001,0.6584,0.8144,0.87672343285921
学术论文,512,153,0.298828125,3,0,0.9506090668663206,0.9500997690484628,1.298828125,61.12,0.6584,0.40480000000000005,0.8408613774927307
学术论文,512,153,0.298828125,3,256,0.98,0.9131805799481905,1.298828125,86.72,0.6584,0.6096,0.854836335583421
学术论文,512,153,0.298828125,3,512,0.98,0.8452412060260177,1.298828125,112.32,0.6584,0.8144,0.8494797359283257
学术论文,512,153,0.298828125,5,0,0.98,0.8501582594391861,1.298828125,65.12,0.6584,0.40480000000000005,0.8176451930205395
学术论文,512,153,0.298828125,5,256,0.961555057607091,0.7931549943366835,1.298828125,90.72,0.6584,0.6096,0.809885766622008
学术论文,512,153,0.298828125,5,512,0.9790519152327625,0.9281585324048204,1.298828125,116.32000000000001,0.6584,0.8144,0.8750698932440265
学术论文,512,153,0.298828125,10,0,0.9616470546854644,0.8148142764448825,1.298828125,75.12,0.6584,0.40480000000000005,0.7988621759617109
学术论文,512,153,0.298828125,10,256,0.98,0.8946717933597217,1.298828125,100.72,0.6584,0.6096,0.8466735238751111
学术论文,512,153,0.298828125,10,512,0.98,0.8988128439252665,1.298828125,126.32000000000001,0.6584,0.8144,0.8643826600560853
学术论文,768,0,0.0,3,0,0.8734360615794483,0.7942946867166962,1.0,63.68,0.8375999999999999,0.5072000000000001,0.8179650394547663
学术论文,768,0,0.0,3,256,0.8701887902309142,0.7259905490794625,1.0,89.28,0.8375999999999999,0.7120000000000001,0.8114525885793206
学术论文,768,0,0.0,3,512,0.9128388524929338,0.8515346122429397,1.0,114.88,0.8375999999999999,0.9168000000000001,0.8816587087154796
学术论文,768,0,0.0,5,0,0.8537520184898416,0.8550349479571094,1.0,67.68,0.8375999999999999,0.5072000000000001,0.8304630292630245
学术论文,768,0,0.0,5,256,0.9215941165777547,0.9267933333272793,1.0,93.28,0.8375999999999999,0.7120000000000001,0.8915191839696108
学术论文,768,0,0.0,5,512,0.887617571148268,0.7251070306988481,1.0,118.88000000000001,0.8375999999999999,0.9168000000000001,0.8324910725910772
学术论文,768,0,0.0,10,0,0.8549402759332424,0.8253433867224007,1.0,77.68,0.8375999999999999,0.5072000000000001,0.8197419720498059
学术论文,768,0,0.0,10,256,0.9383213834586849,0.8756687081997924,1.0,103.28,0.8375999999999999,0.7120000000000001,0.8789120293307127
学术论文,768,0,0.0,10,512,0.9299097852640298,0.9256101172537451,1.0,128.88,0.8375999999999999,0.9168000000000001,0.908585568805688
学术论文,768,76,0.09895833333333333,3,0,0.8767534590975397,0.8152441771418503,1.0989583333333333,63.68,0.8375999999999999,0.5072000000000001,0.8178137769299383
学术论文,768,76,0.09895833333333333,3,256,0.9383765702180047,0.8507956915979888,1.0989583333333333,89.28,0.8375999999999999,0.7120000000000001,0.8652936571144513
学术论文,768,76,0.09895833333333333,3,512,0.9011552907748602,0.770997813102289,1.0989583333333333,114.88,0.8375999999999999,0.9168000000000001,0.8442315265740211
学术论文,768,76,0.09895833333333333,5,0,0.8990796849170631,0.9191782313091408,1.0989583333333333,67.68,0.8375999999999999,0.5072000000000001,0.8575770665257187
学术论文,768,76,0.09895833333333333,5,256,0.92026255764378,0.8665119440017613,1.0989583333333333,93.28,0.8375999999999999,0.7120000000000001,0.8638863738599066
学术论文,768,76,0.09895833333333333,5,512,0.9215360563801428,0.7554773263628797,1.0989583333333333,118.88000000000001,0.8375999999999999,0.9168000000000001,0.8451468158111006
学术论文,768,76,0.09895833333333333,10,0,0.8756836716746189,0.8392816721363817,1.0989583333333333,77.68,0.8375999999999999,0.5072000000000001,0.8229234433528536
学术论文,768,76,0.09895833333333333,10,256,0.9331850063759848,0.8094514365348214,1.0989583333333333,103.28,0.8375999999999999,0.7120000000000001,0.8481621950647914
学术论文,768,76,0.09895833333333333,10,512,0.9651826047467862,0.9036781610940547,1.0989583333333333,128.88,0.8375999999999999,0.9168000000000001,0.9049379784024025
学术论文,768,153,0.19921875,3,0,0.8922416475166967,0.8388750664423591,1.19921875,63.68,0.8375999999999999,0.5072000000000001,0.822311048466898
学术论文,768,153,0.19921875,3,256,0.923142023977705,0.8781636250065984,1.19921875,89.28,0.8375999999999999,0.7120000000000001,0.8611555076749771
学术论文,768,153,0.19921875,3,512,0.9063577481016761,0.8352539998818749,1.19921875,114.88,0.8375999999999999,0.9168000000000001,0.8584374593547364
学术论文,768,153,0.19921875,5,0,0.8847584443994091,0.7312999853374388,1.19921875,67.68,0.8375999999999999,0.5072000000000001,0.7848523975157914
学术论文,768,153,0.19921875,5,256,0.9234770645514785,0.9057264407565218,1.19921875,93.28,0.8375999999999999,0.7120000000000001,0.8694428216985601
学术论文,768,153,0.19921875,5,512,0.9623836597445758,0.8715551061142395,1.19921875,118.88000000000001,0.8375999999999999,0.9168000000000001,0.887342105074821
学术论文,768,153,0.19921875,10,0,0.8958310597729616,0.9035145265548734,1.19921875,77.68,0.8375999999999999,0.5072000000000001,0.8419042876249073
学术论文,768,153,0.19921875,10,256,0.9561507777047307,0.9647010888096523,1.19921875,103.28,0.8375999999999999,0.7120000000000001,0.8971702972846026
学术论文,768,153,0.19921875,10,512,0.9540495593841296,0.8719256600990384,1.19921875,128.88,0.8375999999999999,0.9168000000000001,0.8831937702346138
学术论文,768,230,0.2994791666666667,3,0,0.8862540626257895,0.7557157393122104,1.2994791666666667,63.68,0.8375999999999999,0.5072000000000001,0.7857632032868268
学术论文,768,230,0.2994791666666667,3,256,0.9506307382605881,0.837720341106667,1.2994791666666667,89.28,0.8375999999999999,0.7120000000000001,0.8489892120641884
学术论文,768,230,0.2994791666666667,3,512,0.9041673807874301,0.8237921346565372,1.2994791666666667,114.88,0.8375999999999999,0.9168000000000001,0.8460479116087364
学术论文,768,230,0.2994791666666667,5,0,0.8937197817904688,0.8063614403272236,1.2994791666666667,67.68,0.8375999999999999,0.5072000000000001,0.8037188577443284
学术论文,768,230,0.2994791666666667,5,256,0.9403321526410992,0.9461064482277228,1.2994791666666667,93.28,0.8375999999999999,0.7120000000000001,0.8797372189446898
学术论文,768,230,0.2994791666666667,5,512,0.9633031967759688,0.9425109942544283,1.2994791666666667,118.88000000000001,0.8375999999999999,0.9168000000000001,0.9023214077963939
学术论文,768,230,0.2994791666666667,10,0,0.9283686412371264,0.7498747329572385,1.2994791666666667,77.68,0.8375999999999999,0.5072000000000001,0.7951307464088635
学术论文,768,230,0.2994791666666667,10,256,0.9708316421974899,0.8634596081426171,1.2994791666666667,103.28,0.8375999999999999,0.7120000000000001,0.861450066775501
学术论文,768,230,0.2994791666666667,10,512,0.9676657299608082,0.9548173963787439,1.2994791666666667,128.88,0.8375999999999999,0.9168000000000001,0.9060554670953234
学术论文,1024,0,0.0,3,0,0.700706433515326,0.6667984104420129,1.0,66.24000000000001,0.95,0.6096,0.7429631500663485
学术论文,1024,0,0.0,3,256,0.7942226216920535,0.7593201710611259,1.0,91.84,0.95,0.8144,0.8188792936810175
学术论文,1024,0,0.0,3,512,0.7572108861381748,0.6568340505423708,1.0,117.44000000000001,0.95,0.95,0.7837039797377747
学术论文,1024,0,0.0,5,0,0.7116672955729891,0.6576797931791543,1.0,70.24000000000001,0.95,0.6096,0.7429126684006859
学术论文,1024,0,0.0,5,256,0.767194651713144,0.782816506399035,1.0,95.84,0.95,0.8144,0.8171091705958974
学术论文,1024,0,0.0,5,512,0.7865041197897262,0.7441656818675101,1.0,121.44000000000001,0.95,0.95,0.8203839365303156
学术论文,1024,0,0.0,10,0,0.7325205246705746,0.6992022231275995,1.0,80.24000000000001,0.95,0.6096,0.7612728792954158
学术论文,1024,0,0.0,10,256,0.7958553390513131,0.8175153294197957,1.0,105.84,0.95,0.8144,0.8357842139107549
学术论文,1024,0,0.0,10,512,0.8042487745402345,0.7675772522582485,1.0,131.44,0.95,0.95,0.8319539285755146
学术论文,1024,102,0.099609375,3,0,0.7446085382445761,0.7763675714102545,1.099609375,66.24000000000001,0.95,0.6096,0.7841052050895458
学术论文,1024,102,0.099609375,3,256,0.8008552380997165,0.658710865629017,1.099609375,91.84,0.95,0.8144,0.7808380031931949
学术论文,1024,102,0.099609375,3,512,0.7892781175624274,0.82572041029221,1.099609375,117.44000000000001,0.95,0.95,0.840040378913484
学术论文,1024,102,0.099609375,5,0,0.7666115532512263,0.7096588085757293,1.099609375,70.24000000000001,0.95,0.6096,0.769159365784626
学术论文,1024,102,0.099609375,5,256,0.8249037620708146,0.6880744126578283,1.099609375,95.84,0.95,0.8144,0.7972898659131659
学术论文,1024,102,0.099609375,5,512,0.8251663493366839,0.8210506082734595,1.099609375,121.44000000000001,0.95,0.95,0.8493902764352461
学术论文,1024,102,0.099609375,10,0,0.7582802697739134,0.7411898921938814,1.099609375,80.24000000000001,0.95,0.6096,0.7749833018296944
学术论文,1024,102,0.099609375,10,256,0.7874938742418347,0.6767594798357844,1.099609375,105.84,0.95,0.8144,0.7800979233048383
学术论文,1024,102,0.099609375,10,512,0.7942751401143203,0.6480635203234955,1.099609375,131.44,0.95,0.95,0.7825492213401011
学术论文,1024,204,0.19921875,3,0,0.7302416790237954,0.7734456497954256,1.19921875,66.24000000000001,0.95,0.6096,0.7706040452221506
学术论文,1024,204,0.19921875,3,256,0.7799949011957424,0.7147246723343725,1.19921875,91.84,0.95,0.8144,0.7841183635296369
学术论文,1024,204,0.19921875,3,512,0.8163911991592812,0.684017539809392,1.19921875,117.44000000000001,0.95,0.95,0.7954028964699755
学术论文,1024,204,0.19921875,5,0,0.7891628622715456,0.637873547188246,1.19921875,70.24000000000001,0.95,0.6096,0.7454357510271334
学术论文,1024,204,0.19921875,5,256,0.7880328482250499,0.7675623316762971,1.19921875,95.84,0.95,0.8144,0.8029585575684312
学术论文,1024,204,0.19921875,5,512,0.7934600844783468,0.6592000114001302,1.19921875,121.44000000000001,0.95,0.95,0.7794833306811126
学术论文,1024,204,0.19921875,10,0,0.7817632719310537,0.629682108492117,1.19921875,80.24000000000001,0.95,0.6096,0.7388466217354147
学术论文,1024,204,0.19921875,10,256,0.8000511235293424,0.7930723740011908,1.19921875,105.84,0.95,0.8144,0.8133676192097706
学术论文,1024,204,0.19921875,10,512,0.8047877651563676,0.8239364192514458,1.19921875,131.44,0.95,0.95,0.8342238390105003
学术论文,1024,307,0.2998046875,3,0,0.7420017319520497,0.6285008097419185,1.2998046875,66.24000000000001,0.95,0.6096,0.7199380383420698
学术论文,1024,307,0.2998046875,3,256,0.79123837651379,0.6977449936034366,1.2998046875,91.84,0.95,0.8144,0.7742359034375127
学术论文,1024,307,0.2998046875,3,512,0.821702396650402,0.7526111104049718,1.2998046875,117.44000000000001,0.95,0.95,0.8110055472577198
学术论文,1024,307,0.2998046875,5,0,0.7939039312018884,0.6437961523413451,1.2998046875,70.24000000000001,0.95,0.6096,0.7408012517338348
学术论文,1024,307,0.2998046875,5,256,0.8450205636110039,0.6881815323877043,1.2998046875,95.84,0.95,0.8144,0.7877458957195868
学术论文,1024,307,0.2998046875,5,512,0.8417610423705959,0.6881069770497669,1.2998046875,121.44000000000001,0.95,0.95,0.7961429912145161
学术论文,1024,307,0.2998046875,10,0,0.7890265396929419,0.7408925185640256,1.2998046875,80.24000000000001,0.95,0.6096,0.7687113236422297
学术论文,1024,307,0.2998046875,10,256,0.8373675437269997,0.6897297273174082,1.2998046875,105.84,0.95,0.8144,0.7841923517342108
学术论文,1024,307,0.2998046875,10,512,0.8442923312343369,0.718438478252969,1.2998046875,131.44,0.95,0.95,0.805059084035938
